상가업소번호,상호명,상권업종소분류명,시군구명,행정동명,도로명주소,경도,위도
MA010120220813676406,카페희스밀,카페,유성구,온천2동,대전광역시 유성구 죽동로279번길 80,127.3404239,36.37233791
MA010120220805780330,뮤제,카페,유성구,노은2동,대전광역시 유성구 은구비로 153,127.3256845,36.38117444
MA010120220810405529,정임,카페,유성구,진잠동,대전광역시 유성구 대정로28번안길 25,127.3207702,36.3134102
MA010120220813343033,목련이야기카페,카페,유성구,온천2동,대전광역시 유성구 문화원로38번길 55,127.3417833,36.35955538
MA010120220805404119,엠스토리,카페,유성구,진잠동,대전광역시 유성구 원내로39번길 105,127.3188106,36.30251113
MA0101202301A0014080,컴포즈커피대전,카페,유성구,신성동,대전광역시 유성구 대덕대로 594,127.379024,36.38591046
MA0101202302A0097645,이쁨다방,카페,유성구,원신흥동,대전광역시 유성구 원신흥남로42번길 11-30,127.3391028,36.33752024
MA0101202302A0080441,마실커피,카페,유성구,온천2동,대전광역시 유성구 궁동로18번길 47,127.3499984,36.36287495
MA0101202301A0104248,컴포즈커피대전,카페,유성구,학하동,대전광역시 유성구 학하서로121번길 45-6,127.2987266,36.34945144
MA0101202301A0045897,33블럭,카페,유성구,온천2동,대전광역시 유성구 농대로 31-1,127.3528201,36.36347945
MA0101202302A0010725,소속,카페,유성구,온천2동,대전광역시 유성구 농대로8번길 2,127.3540918,36.36135793
MA0101202302A0111061,학마을사회적협동조합,카페,유성구,학하동,대전광역시 유성구 학하로 33,127.3013557,36.33789174
MA0101202302A0082255,메가엠지씨커피대전,카페,유성구,전민동,대전광역시 유성구 전민로58번길 61,127.4036506,36.39793247
MA0101202301A0072924,엑스트라커피,카페,유성구,관평동,대전광역시 유성구 관평2로 50,127.3883562,36.42244983
MA0101202302A0084310,에브리선데이기프트,카페,유성구,노은1동,대전광역시 유성구 은구비남로 13,127.317068,36.37253735
MA0101202302A0108008,메가엠지씨커피대전,카페,유성구,온천1동,대전광역시 유성구 계룡로 92,127.3404194,36.35339523
MA0101202306A0002625,대전유성경찰서후생복지회,카페,유성구,노은2동,대전광역시 유성구 북유성대로 112,127.3254513,36.37869685
MA0101202306A0010509,아트에스프레소,카페,유성구,온천1동,대전광역시 유성구 유성대로668번길 117,127.3361341,36.35171316
MA010120220809770129,커피상회,카페,유성구,관평동,대전광역시 유성구 관들4길 57,127.3942703,36.42329556
MA010120220814313712,슈가브라운,카페,유성구,관평동,대전광역시 유성구 테크노5로 18,127.3932671,36.43001254
MA010120220807939854,카페올,카페,유성구,전민동,대전광역시 유성구 유성대로1679번길 20,127.3961845,36.4006069
MA010120220806377021,그림이지,카페,유성구,관평동,대전광역시 유성구 테크노중앙로 50,127.39065,36.42627229
MA010120220813938914,데자뷰,카페,유성구,원신흥동,대전광역시 유성구 원신흥남로42번길 19-16,127.3395452,36.33679804
MA010120220805267697,모리스커피,카페,유성구,신성동,대전광역시 유성구 신성남로111번길 25,127.3509559,36.39000643
MA010120220812854168,카페미뇽대전,카페,유성구,온천2동,대전광역시 유성구 죽동로280번길 34,127.337502,36.37180549
MA010120220806352102,이디야커피프렌차이즈,카페,유성구,관평동,대전광역시 유성구 관들4길 34-2,127.393136,36.42391209
MA0101202301A0052217,마릇,카페,유성구,신성동,대전광역시 유성구 가정로89번길 12-1,127.3531677,36.38616093
MA0101202301A0028581,정글비,카페,유성구,관평동,대전광역시 유성구 테크노4로 98-4,127.3896245,36.42633872
MA0101202301A0015015,감성커피둔곡,카페,유성구,구즉동,대전광역시 유성구 과학성장로 80,127.3647372,36.45541673
MA0101202301A0072822,띠울777,카페,유성구,관평동,대전광역시 유성구 테크노5로 72,127.3934488,36.42622705
MA0101202212A0066610,이디야커피,카페,유성구,노은3동,대전광역시 유성구 지족북로66번길 60,127.3079807,36.38814239
MA0101202212A0087301,리플리히,카페,유성구,노은3동,대전광역시 유성구 반석동로 52-16,127.3126216,36.39201439
MA0101202212A0010376,쥬씨,카페,유성구,온천2동,대전광역시 유성구 죽동로297번길 68,127.3390542,36.36997172
MA0101202212A0004737,무인까페24시,카페,유성구,온천1동,대전광역시 유성구 계룡로 47,127.3364059,36.35532611
MA0101202212A0006238,투썸플레이스북대전IC점,카페,유성구,관평동,대전광역시 유성구 대덕대로 1024,127.3803579,36.41949272
MA0101202301A0103118,디저트카페마음,카페,유성구,신성동,대전광역시 유성구 엑스포로151번길 19,127.3953806,36.37615184
MA010120220814337515,리얼케익,카페,유성구,관평동,대전광역시 유성구 테크노4로 94,127.3897802,36.42626612
MA010120220813243557,아람답다,카페,유성구,학하동,대전광역시 유성구 학하서로 73,127.2983607,36.34407232
MA010120220806210637,나무향,카페,유성구,전민동,대전광역시 유성구 전민로10번길 21,127.4038257,36.39730106
MA010120220806208347,펠리쓰팩토리아,카페,유성구,관평동,대전광역시 유성구 관용로 13,127.3792419,36.41700004
MA0101202211A0024861,도밍고,카페,유성구,노은1동,대전광역시 유성구 은구비남로7번길 29,127.3163704,36.37364764
MA0101202211A0002721,쿠라쿠라,카페,유성구,구즉동,대전광역시 유성구 구즉로52번길 31,127.3869596,36.43314216
MA0101202301A0093462,크라운샤이니스,카페,유성구,노은1동,대전광역시 유성구 노은동로 153,127.3223903,36.37419929
MA0101202301A0040168,컴포즈커피대전한빛점,카페,유성구,온천2동,대전광역시 유성구 어은로 57,127.353667,36.363513
MA010120220812293663,빽다방대전,카페,유성구,신성동,대전광역시 유성구 엑스포로123번길 34,127.3939776,36.37636375
MA010120220810090725,더갤러리,카페,유성구,온천2동,대전광역시 유성구 유성대로736번길 62,127.3370319,36.35838834
MA010120220813639083,림카페,카페,유성구,온천2동,대전광역시 유성구 궁동로 47,127.3499592,36.36406462
MA010120220807104223,파스쿠찌,카페,유성구,진잠동,대전광역시 유성구 진잠로92번길 85,127.3204508,36.30065932
MA010120220806245587,한국분석기술연구소,카페,유성구,관평동,대전광역시 유성구 테크노2로 125-7,127.4001937,36.42809708
MA010120220812990017,채움애돈까스,카페,유성구,학하동,대전광역시 유성구 학하중앙로 21,127.2989454,36.34840553
MA010120220803332431,와플몽,카페,유성구,온천2동,대전광역시 유성구 대학로 151,127.3502785,36.36073835
MA010120220804206195,카페노은,카페,유성구,노은1동,대전광역시 유성구 노은서로 101,127.3142691,36.36930953
MA0101202212A0066917,우분투,카페,유성구,구즉동,대전광역시 유성구 구즉로57번길 8-32,127.3858228,36.4355249
MA0101202212A0067637,그랩스커피로스터즈,카페,유성구,신성동,대전광역시 유성구 신성남로 117,127.3516184,36.3910949
MA0101202212A0046596,더노은로,카페,유성구,노은1동,대전광역시 유성구 노은서로 19-2,127.3152467,36.36304379
MA0101202212A0019740,포모,카페,유성구,원신흥동,대전광역시 유성구 원신흥남로42번길 20-17,127.3395386,36.33526606
MA0101202301A0023401,빽다방대전유성,카페,유성구,원신흥동,대전광역시 유성구 계룡로132번길 10,127.3445587,36.35223888
MA0101202211A0096845,소풍,카페,유성구,온천1동,대전광역시 유성구 현충원로347번길 53-6,127.3073264,36.36067631
MA0101202211A0095177,웰커피,카페,유성구,신성동,대전광역시 유성구 신성남로95번길 4,127.3525581,36.38937991
MA0101202211A0006021,아더,카페,유성구,관평동,대전광역시 유성구 관들5길 15-8,127.3923927,36.42244564
MA0101202211A0032164,자운푸드앤커피,카페,유성구,신성동,대전광역시 유성구 자운로 222,127.3542001,36.41471589
MA010120220812937459,프랜즈도넛,카페,유성구,온천2동,대전광역시 유성구 대학로163번길 17,127.351417,36.36119461
MA010120220808312019,수피아,카페,유성구,노은1동,대전광역시 유성구 갑동로15번길 53,127.2865077,36.36215191
MA010120220810116690,칠리프,카페,유성구,온천2동,대전광역시 유성구 어은로57번길 35,127.3546314,36.36240169
MA010120220806350880,마을,카페,유성구,온천2동,대전광역시 유성구 대학로151번길 38,127.3503193,36.36237837
MA010120220806225651,왓어커피,카페,유성구,관평동,대전광역시 유성구 테크노11로 26,127.4086622,36.41620908
MA010120220812181958,봄베이크,카페,유성구,진잠동,대전광역시 유성구 진잠로70번길 44,127.3187156,36.29832088
MA0101202209A0082488,리스터프,카페,유성구,신성동,대전광역시 유성구 신성로72번길 22,127.3491118,36.38887636
MA0101202210A0032139,동방커피,카페,유성구,원신흥동,대전광역시 유성구 원신흥로55번길 6-29,127.3427072,36.33903295
MA0101202210A0026817,예인디저트,카페,유성구,학하동,대전광역시 유성구 학산로 89,127.3001226,36.33584015
MA0101202210A0013092,커피:이,카페,유성구,학하동,대전광역시 유성구 복용북로33번길 16-10,127.3118195,36.34465077
MA0101202210A0067566,커피나인대전,카페,유성구,노은2동,대전광역시 유성구 노은로 154,127.3183972,36.37330882
MA0101202210A0037403,샘,카페,유성구,노은3동,대전광역시 유성구 지족로349번길 48-6,127.3169398,36.38763233
MA010120220803866605,그레이스538,카페,유성구,원신흥동,대전광역시 유성구 원신흥남로42번길 19-35,127.3392488,36.33778117
MA010120220803347629,댄싱베어곰식당까페,카페,유성구,신성동,대전광역시 유성구 엑스포로123번길 26-30,127.3956219,36.37537604
MA010120220802741779,민정도자기전통차,카페,유성구,전민동,대전광역시 유성구 전민로30번길 28,127.4018454,36.39804669
MA010120220808720670,새나에클레시아,카페,유성구,진잠동,대전광역시 유성구 진잠로102번길 97,127.3208084,36.30098278
MA010120220805545763,투썸플레이스,카페,유성구,관평동,대전광역시 유성구 관평2로 20,127.3898848,36.42486898
MA010120220806217756,할리스도안,카페,유성구,원신흥동,대전광역시 유성구 도안대로 560,127.3434945,36.3509082
MA010120220812144565,흥커피로스터스,카페,유성구,신성동,대전광역시 유성구 신성로71번길 63,127.3501399,36.39196437
MA0101202210A0064692,커피를해랑,카페,유성구,원신흥동,대전광역시 유성구 원신흥남로41번길 3-1,127.3379379,36.33600956
MA0101202209A0060532,빽다방대전,카페,유성구,온천2동,대전광역시 유성구 유성대로 776,127.3364873,36.36128264
MA010120220808111041,와치커피한신,카페,유성구,관평동,대전광역시 유성구 테크노3로 65,127.3907769,36.42932682
MA010120220809899560,문지동카페,카페,유성구,전민동,대전광역시 유성구 문지로316번길 54-4,127.4086454,36.39595995
MA010120220814007873,새벽비카페,카페,유성구,진잠동,대전광역시 유성구 도안북로 85-15,127.3376498,36.33120709
MA010120220808187143,텐퍼센트스페셜티커피대전,카페,유성구,신성동,대전광역시 유성구 엑스포로123번길 34,127.3939776,36.37636375
MA010120220806175984,오이씨,카페,유성구,학하동,대전광역시 유성구 덕명서로12번길 30,127.3029207,36.35947098
MA010120220811819821,세모,카페,유성구,신성동,대전광역시 유성구 유성대로1184번길 11-15,127.3526148,36.39453443
MA010120220810586159,봉명동내커피,카페,유성구,관평동,대전광역시 유성구 관들5길 77-8,127.3937534,36.42251326
MA010120220812592788,마일드브루어스,카페,유성구,원신흥동,대전광역시 유성구 원신흥남로42번길 11-24,127.3391014,36.33719582
MA010120220802904609,행복한우리,카페,유성구,온천1동,대전광역시 유성구 계룡로 142,127.3461508,36.35200898
MA010120220805356955,희카페,카페,유성구,학하동,대전광역시 유성구 덕명로98번길 5-9,127.3094148,36.35627319
MA010120220812164691,멜로우플라워카페,카페,유성구,온천1동,대전광역시 유성구 문화원로 138,127.3509462,36.35806892
MA010120220811505329,커스텀커피,카페,유성구,상대동,대전광역시 유성구 상대동로2번길 7-8,127.3390402,36.3436304
MA010120220806203603,수정다방,카페,유성구,진잠동,대전광역시 유성구 진잠로140번길 61,127.3178231,36.30059424
MA010120220801614539,라이크마인디드,카페,유성구,온천1동,대전광역시 유성구 현충원로 451-20,127.3211963,36.36025233
MA010120220812914405,코시롱,카페,유성구,온천2동,대전광역시 유성구 죽동로279번길 5-35,127.3386199,36.3726224
MA010120220812624683,트리니티커피,카페,유성구,온천2동,대전광역시 유성구 장대로 72,127.3353961,36.36146595
MA010120220807983135,앤시오커피,카페,유성구,학하동,대전광역시 유성구 덕명서로8번길 5,127.301573,36.3595645
MA010120220813582721,차를품다,카페,유성구,학하동,대전광역시 유성구 학하중앙로 13,127.2981446,36.34874096
MA010120220807330217,네코카페,카페,유성구,온천1동,대전광역시 유성구 유성대로642번길 53,127.3312045,36.35042021
MA010120220808068866,쪼맥,카페,유성구,온천2동,대전광역시 유성구 문화원로6번길 56,127.3369138,36.35943403
MA010120220808075551,엠시드,카페,유성구,진잠동,대전광역시 유성구 진잠로106번길 5-11,127.3153774,36.30149289
MA010120220807138824,꼬망세,카페,유성구,온천2동,대전광역시 유성구 어은로 57,127.353656,36.36353105
MA010120220813953054,쥬씨,카페,유성구,온천1동,대전광역시 유성구 계룡로 92,127.340598,36.35346682
MA010120220806229455,엘,카페,유성구,신성동,대전광역시 유성구 대덕대로 530,127.3791851,36.38007037
MA010120220813550886,드림커피랩,카페,유성구,온천1동,대전광역시 유성구 대학로 34,127.3430287,36.35646078
MA010120220808207417,샵우무리롤앤코,카페,유성구,진잠동,대전광역시 유성구 한우물로66번길 11,127.3261189,36.31166546
MA010120220806510618,조은차마시는사람들,카페,유성구,원신흥동,대전광역시 유성구 원신흥남로42번길 19-22,127.3395461,36.3369963
MA010120220813831225,더봄,카페,유성구,진잠동,대전광역시 유성구 대정로42번길 68-7,127.322234,36.3146499
MA010120220802284563,오스트리아빈,카페,유성구,노은1동,대전광역시 유성구 갑동로 13,127.2888344,36.36159659
MA010120220802145731,피오라토,카페,유성구,온천1동,대전광역시 유성구 월드컵대로321번길 36,127.3366075,36.35039611
MA010120220808248600,오토카페,카페,유성구,상대동,대전광역시 유성구 복용동로 35,127.3203268,36.33839211
MA010120220810239830,카페레오,카페,유성구,학하동,대전광역시 유성구 수통골로55번길 52,127.292457,36.34709685
MA010120220811707313,수한,카페,유성구,원신흥동,대전광역시 유성구 동서대로 639,127.3336482,36.33305674
MA010120220806234570,커피인,카페,유성구,노은3동,대전광역시 유성구 반석동로40번길 11,127.312507,36.39122166
MA010120220812858394,키우키우,카페,유성구,온천2동,대전광역시 유성구 죽동로298번길 25,127.3373056,36.37018393
MA010120220812792385,커피투홈,카페,유성구,노은3동,대전광역시 유성구 지족북로 45,127.3040498,36.38907166
MA010120220809660158,쇼콜라,카페,유성구,학하동,대전광역시 유성구 덕명서로2번길 63-3,127.303788,36.35900016
MA010120220804321555,카페온도,카페,유성구,노은3동,대전광역시 유성구 반석로11번길 31,127.3138635,36.39038902
MA010120220809726183,릴리스,카페,유성구,노은1동,대전광역시 유성구 왕가봉로2번길 27-29,127.3168253,36.36491406
MA0101202209A0071844,오디,카페,유성구,전민동,대전광역시 유성구 전민로22번길 22,127.4027667,36.39729562
MA0101202209A0094322,이디야커피,카페,유성구,신성동,대전광역시 유성구 자운로97번길 290,127.3378825,36.40822071
MA0101202209A0094605,커피왕국,카페,유성구,관평동,대전광역시 유성구 테크노5로 10,127.3937166,36.43067791
MA0101202209A0041819,디저트39대전,카페,유성구,온천2동,대전광역시 유성구 죽동로279번길 42,127.3399045,36.37076233
MA010120220805387072,스캠프커피,카페,유성구,온천2동,대전광역시 유성구 죽동로279번길 63-4,127.3399314,36.37182564
MA010120220806351708,도자기랑,카페,유성구,관평동,대전광역시 유성구 관들5길 74,127.3941301,36.4220344
MA010120220813401196,안단테인터뷰,카페,유성구,관평동,대전광역시 유성구 테크노중앙로 57,127.3921,36.42633062
MA010120220800896775,빽다방,카페,유성구,노은3동,대전광역시 유성구 북유성대로 303,127.3142475,36.39163163
MA010120220806351081,컨베이어스,카페,유성구,노은2동,대전광역시 유성구 노은로 174,127.3184384,36.37521019
MA010120220812247142,공차대전,카페,유성구,전민동,대전광역시 유성구 유성대로 1734,127.4018188,36.39938051
MA010120220814081796,공차대전,카페,유성구,온천2동,대전광역시 유성구 죽동로279번길 34,127.3397239,36.37023115
MA0101202209A0093408,카페042,카페,유성구,신성동,대전광역시 유성구 엑스포로 87,127.3893801,36.37514422
MA0101202209A0083504,인터뷰,카페,유성구,온천2동,대전광역시 유성구 한밭대로371번길 25-1,127.3411698,36.36451359
MA0101202209A0073045,투썸플레이스대전,카페,유성구,신성동,대전광역시 유성구 가정로 93,127.353678,36.38562773
MA010120220813211808,호유즈,카페,유성구,학하동,대전광역시 유성구 학산로 99,127.300915,36.33623468
MA0101202209A0002762,30초커피,카페,유성구,온천2동,대전광역시 유성구 궁동로18번길 70,127.3512343,36.36269109
MA0101202209A0100206,커피린,카페,유성구,노은1동,대전광역시 유성구 노은동로75번길 85-30,127.3185758,36.36791933
MA010120220806030148,넛지,카페,유성구,신성동,대전광역시 유성구 신성로71번길 60,127.3499047,36.39170372
MA010120220805208088,페리토에스프레소바,카페,유성구,온천1동,대전광역시 유성구 계룡로74번길 54,127.3380635,36.35219435
MA010120220806622795,주헤히스,카페,유성구,노은3동,대전광역시 유성구 지족로349번길 54,127.3172959,36.38749621
MA010120220808209263,파스쿠찌,카페,유성구,신성동,대전광역시 유성구 엑스포로123번길 46-15,127.3938368,36.37718428
MA010120220806246514,디우스,카페,유성구,신성동,대전광역시 유성구 엑스포로123번길 27-22,127.3922829,36.37621612
MA010120220814079149,영탑,카페,유성구,온천2동,대전광역시 유성구 대학로 99,127.3420001,36.36836824
MA010120220813435046,나가수한방카페,카페,유성구,학하동,대전광역시 유성구 학하중앙로160번길 12,127.3092928,36.3395116
MA010120220811674497,쿠루미,카페,유성구,신성동,대전광역시 유성구 신성남로111번길 6,127.3517722,36.39058979
MA010120220806730016,브알라카페,카페,유성구,신성동,대전광역시 유성구 엑스포로151번길 19,127.3953806,36.37615184
MA0101202209A0037723,키즈다쿵2,카페,유성구,노은3동,대전광역시 유성구 지족로 298,127.309695,36.38761528
MA0101202209A0057572,슈어띵,카페,유성구,관평동,대전광역시 유성구 관용로 101-25,127.3873001,36.4141265
MA010120220803165863,그집,카페,유성구,노은1동,대전광역시 유성구 은구비서로23번길 32,127.3199532,36.37503492
MA010120220811084925,인시티커피로스터즈,카페,유성구,전민동,대전광역시 유성구 전민로22번길 38,127.4027706,36.39804358
MA010120220806350424,설빙,카페,유성구,노은1동,대전광역시 유성구 은구비남로33번길 62,127.3195412,36.3750991
MA010120220805818814,에르코스법인,카페,유성구,원신흥동,대전광역시 유성구 도안동로 329,127.3475555,36.33468428
MA010120220813200827,구암동239,카페,유성구,온천1동,대전광역시 유성구 유성대로 617-18,127.3259102,36.34978592
MA010120220806231284,아웃스탠딩커피,카페,유성구,구즉동,대전광역시 유성구 와룡로136번길 75,127.3849553,36.43826724
MA010120220803215586,르호봇,카페,유성구,관평동,대전광역시 유성구 관용로 50,127.3818284,36.41465778
MA010120220808519732,예빛,카페,유성구,온천1동,대전광역시 유성구 계룡로141번길 35,127.3462826,36.35409032
MA010120220806231473,까페플랜,카페,유성구,노은1동,대전광역시 유성구 은구비남로7번길 65,127.3163767,36.37519764
MA010120220812734269,시크릿가든,카페,유성구,학하동,대전광역시 유성구 수통골로71번길 37,127.2911654,36.34728024
MA010120220812337536,파스쿠찌대전코젤,카페,유성구,진잠동,대전광역시 유성구 계백로 927,127.3267646,36.30095764
MA010120220802651177,너랑나랑,카페,유성구,온천2동,대전광역시 유성구 유성대로730번길 24,127.3339208,36.35777526
MA010120220812342733,태양커피,카페,유성구,신성동,대전광역시 유성구 엑스포로 1,127.3821814,36.37518549
MA010120220813747868,나폴리에스프레소,카페,유성구,관평동,대전광역시 유성구 관들1길 8-10,127.388226,36.42542409
MA010120220806487025,빽다방대전,카페,유성구,전민동,대전광역시 유성구 문지로299번길 119,127.4064307,36.39450762
MA010120220804322279,오케이24시무인커피,카페,유성구,온천2동,대전광역시 유성구 죽동로279번길 101,127.3390543,36.3725761
MA010120220807161821,카페랑희,카페,유성구,전민동,대전광역시 유성구 전민로 42,127.4004554,36.39652839
MA010120220806231651,씨엔디오,카페,유성구,노은2동,대전광역시 유성구 송림로53번길 104,127.3251075,36.38714177
MA010120220802271705,카페소신,카페,유성구,온천2동,대전광역시 유성구 농대로15번길 7,127.3526781,36.36164148
MA010120220814046326,누앙스,카페,유성구,전민동,대전광역시 유성구 문지로 319-16,127.4060901,36.39544599
MA010120220803236115,셀로스터즈,카페,유성구,온천2동,대전광역시 유성구 장대로71번길 9,127.3348031,36.36088185
MA010120220813159852,모리스커피,카페,유성구,관평동,대전광역시 유성구 관들4길 16,127.3929687,36.42390363
MA010120220811943468,할리스커피,카페,유성구,온천1동,대전광역시 유성구 온천로 45,127.3433838,36.35613534
MA010120220803011492,봉명다방,카페,유성구,온천1동,대전광역시 유성구 계룡로88번길 56,127.3393754,36.35156882
MA010120220812688763,제트제트커피,카페,유성구,진잠동,대전광역시 유성구 진잠로74번길 43,127.3189409,36.29897814
MA010120220812929866,1층커피집파라티,카페,유성구,원신흥동,대전광역시 유성구 계룡로 114,127.3429786,36.35266698
MA010120220811675913,커피상회,카페,유성구,관평동,대전광역시 유성구 테크노10로 57,127.4079279,36.41649997
MA010120220812735868,빽다방대전관평중점,카페,유성구,관평동,대전광역시 유성구 테크노4로 115,127.3891689,36.42442073
MA010120220808426195,올텐실내양궁장카페,카페,유성구,노은1동,대전광역시 유성구 은구비남로33번길 47-8,127.3188926,36.37456013
MA010120220808767537,구씨커피,카페,유성구,원신흥동,대전광역시 유성구 봉명서로 17-4,127.3415378,36.344164
MA010120220803121851,디에떼에스프레소,카페,유성구,구즉동,대전광역시 유성구 송강로 10,127.3866667,36.43253031
MA010120220806230708,메이트로즈카페,카페,유성구,온천1동,대전광역시 유성구 문화원로 77,127.3444565,36.35938549
MA010120220811786154,까페펠리쓰,카페,유성구,온천2동,대전광역시 유성구 궁동로 20,127.3475922,36.36299913
MA010120220803670667,콘트라,카페,유성구,온천2동,대전광역시 유성구 어은로52번길 1,127.3573321,36.3633579
MA010120220806560474,챗머치,카페,유성구,노은2동,대전광역시 유성구 은구비로155번길 32-7,127.3246866,36.37971726
MA010120220807413130,그린브라우니,카페,유성구,노은2동,대전광역시 유성구 송림로 41,127.3227806,36.38774285
MA010120220805140181,위킷,카페,유성구,온천2동,대전광역시 유성구 궁동로10번길 8,127.3478552,36.36199806
MA010120220804534045,시즈더포슬,카페,유성구,관평동,대전광역시 유성구 관평2로 14,127.3902103,36.42530047
MA010120220810391719,양자커피,카페,유성구,신성동,대전광역시 유성구 가정로 83,127.3526962,36.38540534
MA010120220802474824,원더커피,카페,유성구,신성동,대전광역시 유성구 자운로 90,127.3464877,36.40034688
MA010120220805418211,디에떼에스프레소,카페,유성구,신성동,대전광역시 유성구 가정로 85,127.3528972,36.38547684
MA010120220803724567,정인투썸플레이스,카페,유성구,신성동,대전광역시 유성구 신성로 119,127.3517512,36.39333842
MA010120220804199636,뜨레돌체,카페,유성구,학하동,대전광역시 유성구 수통골로 47-7,127.2890546,36.34582546
MA010120220814103322,투썸플레이스대전,카페,유성구,노은3동,대전광역시 유성구 반석로 7,127.3138794,36.39157852
MA010120220808764295,사운드빈,카페,유성구,진잠동,대전광역시 유성구 대정로28번안길 71,127.3211018,36.31280552
MA010120220802934772,해이컴퍼니,카페,유성구,학하동,대전광역시 유성구 학하서로77번길 9,127.2979944,36.34441569
MA010120220805280339,와싱톤커피로스터리,카페,유성구,진잠동,대전광역시 유성구 원내로 13,127.3172399,36.29955041
MA010120220812996622,피오레카페,카페,유성구,온천2동,대전광역시 유성구 대학로76번길 13,127.3450848,36.36037497
MA010120220812773234,파스쿠찌,카페,유성구,온천1동,대전광역시 유성구 계룡로 92,127.340598,36.35346682
MA010120220806861624,베리로찌대전,카페,유성구,관평동,대전광역시 유성구 탑립로 1,127.3947327,36.4111193
MA010120220806175986,디에떼,카페,유성구,진잠동,대전광역시 유성구 진잠로139번길 6,127.3170108,36.30347117
MA010120220810031082,설빙,카페,유성구,온천1동,대전광역시 유성구 대학로 14,127.3423315,36.35499386
MA010120220808421368,아임일리터,카페,유성구,신성동,대전광역시 유성구 신성남로 59,127.3504756,36.38729532
MA010120220802916286,텀브커피,카페,유성구,관평동,대전광역시 유성구 테크노3로 66,127.3895085,36.42990771
MA010120220804843720,홍커뮤니케이션즈,카페,유성구,신성동,대전광역시 유성구 가정로 306-7,127.3768697,36.38523239
MA010120220805542185,카페1027,카페,유성구,노은2동,대전광역시 유성구 송림로58번길 8,127.3237005,36.38648773
MA010120220813966740,보이차이야기,카페,유성구,노은3동,대전광역시 유성구 지족로 299,127.3097525,36.38806572
MA010120220806756922,쉬즈베이글커피,카페,유성구,원신흥동,대전광역시 유성구 계룡로132번길 10,127.3445587,36.35223888
MA010120220806904957,메가커피,카페,유성구,노은1동,대전광역시 유성구 노은로 158,127.3184098,36.37367827
MA010120220809673806,커스텀커피,카페,유성구,전민동,대전광역시 유성구 문지로316번길 20,127.4079594,36.39479979
MA010120220806717364,빽다방,카페,유성구,진잠동,대전광역시 유성구 원내로 38,127.3198233,36.2996697
MA010120220805199713,온천커피,카페,유성구,온천1동,대전광역시 유성구 온천로 3,127.3382021,36.35589779
MA010120220806218741,커피에스티,카페,유성구,관평동,대전광역시 유성구 테크노중앙로 88-14,127.3921729,36.42530305
MA010120220805141671,바닐라베이크,카페,유성구,원신흥동,대전광역시 유성구 원신흥남로27번길 13,127.337264,36.33470476
MA010120220808014151,토미커피딸망케이크,카페,유성구,노은3동,대전광역시 유성구 지족북로6번길 1,127.3038271,36.38625156
MA010120220806221389,커피돌,카페,유성구,온천2동,대전광역시 유성구 어은로48번길 5,127.3574302,36.36287098
MA010120220812233927,오너커피,카페,유성구,신성동,대전광역시 유성구 엑스포로151번길 19,127.3953806,36.37615184
MA010120220808526884,커피사랑,카페,유성구,온천2동,대전광역시 유성구 문화원로10번길 34,127.3373173,36.35998261
MA010120220811969964,당당과자점,카페,유성구,온천2동,대전광역시 유성구 대학로 88,127.3448106,36.36135804
MA010120220803787022,케이비시언커피앤북스,카페,유성구,온천2동,대전광역시 유성구 과학로 169-148,127.3556948,36.37327569
MA010120220800537736,이디야커피,카페,유성구,온천2동,대전광역시 유성구 유성대로 875,127.3395658,36.36974497
MA010120220800759840,30초커피,카페,유성구,온천1동,대전광역시 유성구 유성대로680번길 88,127.3352371,36.35295029
MA010120220811382510,투썸플레이스,카페,유성구,온천2동,대전광역시 유성구 유성대로 756,127.3350879,36.35974557
MA010120220806228627,홀릭스,카페,유성구,구즉동,대전광역시 유성구 구즉로54번길 10,127.3858135,36.43365953
MA010120220806195484,카페달,카페,유성구,학하동,대전광역시 유성구 학하복용로 112,127.3150573,36.34369604
MA010120220812426740,카페메이데이,카페,유성구,노은2동,대전광역시 유성구 은구비로155번안길 21-1,127.3258246,36.38002957
MA010120220806217163,까페그린빈,카페,유성구,온천1동,대전광역시 유성구 계룡로 55,127.3371671,36.35616205
MA010120220805644626,맷차,카페,유성구,신성동,대전광역시 유성구 대덕대로 480,127.3872033,36.37662921
MA010120220809915220,브리드커피,카페,유성구,학하동,대전광역시 유성구 동서대로 125,127.3052496,36.34527152
MA010120220809278208,커먼비,카페,유성구,진잠동,대전광역시 유성구 계백로153번길 4-15,127.2691333,36.27355196
MA010120220807219315,준유,카페,유성구,신성동,대전광역시 유성구 대덕대로 554,127.3788846,36.38245041
MA010120220809870722,카페블레스롤대전,카페,유성구,전민동,대전광역시 유성구 엑스포로 236,127.4053383,36.37730802
MA010120220813720789,커피홀유성,카페,유성구,학하동,대전광역시 유성구 학하로30번길 59,127.3041757,36.33837123
MA010120220812293959,카페더제이,카페,유성구,노은3동,대전광역시 유성구 지족동로 174,127.3080296,36.38925972
MA010120220813221606,작품하나인카페,카페,유성구,진잠동,대전광역시 유성구 진잠로 123-1,127.3153932,36.30267339
MA010120220811755678,카페코이,카페,유성구,노은2동,대전광역시 유성구 은구비로155번안길 47,127.3266515,36.38054999
MA010120220806232204,커피콩야,카페,유성구,온천1동,대전광역시 유성구 계룡로60번길 20,127.3370243,36.35403568
MA010120220806228817,헨델과그레텔,카페,유성구,온천2동,대전광역시 유성구 대학로 291,127.356987,36.36828835
MA010120220811662500,스윗투스,카페,유성구,온천2동,대전광역시 유성구 죽동로279번길 5-29,127.3386411,36.372361
MA010120220813396224,카페바이런베이,카페,유성구,구즉동,대전광역시 유성구 와룡로 19,127.383828,36.42903395
MA010120220809600704,카페오일칠사,카페,유성구,노은1동,대전광역시 유성구 노은서로76번길 91,127.3172712,36.3676885
MA010120220803139452,글로리데이즈,카페,유성구,온천2동,대전광역시 유성구 대학로 129,127.3481307,36.36132138
MA010120220806284176,이디야커피대전,카페,유성구,학하동,대전광역시 유성구 학하복용서로 23,127.3086235,36.33927002
MA010120220808266295,커피가,카페,유성구,전민동,대전광역시 유성구 전민로10번길 54,127.4041012,36.39884112
MA010120220813827702,도자카페,카페,유성구,학하동,대전광역시 유성구 수통골로 17,127.2927631,36.34554608
MA010120220803446378,세븐팩토리모먼트,카페,유성구,온천1동,대전광역시 유성구 대학로 59,127.3429176,36.35907451
MA010120220805085301,커피니대전,카페,유성구,노은3동,대전광역시 유성구 반석로12번안길 7,127.3126676,36.39235671
MA010120220804999988,콤피커피앤베이크숍,카페,유성구,구즉동,대전광역시 유성구 봉산로20번길 19,127.3885139,36.43621007
MA010120220805232355,카페라로사,카페,유성구,원신흥동,대전광역시 유성구 계룡로132번길 10,127.3445587,36.35223888
MA010120220809767918,더드림카페드림카이스트기계공,카페,유성구,온천2동,대전광역시 유성구 대학로 291,127.356987,36.36828835
MA010120220810447277,마마,카페,유성구,온천1동,대전광역시 유성구 계룡로38번길 15,127.3351109,36.35470793
MA010120220807055181,준타라,카페,유성구,진잠동,대전광역시 유성구 유성대로217번길 34,127.3140215,36.31598748
MA010120220810084594,카페와도,카페,유성구,온천1동,대전광역시 유성구 온천북로33번길 13,127.3466537,36.35737853
MA010120220812550586,카페에이치,카페,유성구,학하동,대전광역시 유성구 동서대로 130,127.2970726,36.35099658
MA010120220814200501,오후사이,카페,유성구,신성동,대전광역시 유성구 신성로84번길 33-3,127.3509327,36.38979022
MA010120220809786330,마실,카페,유성구,진잠동,대전광역시 유성구 원내로39번길 105,127.3188106,36.30251113
MA010120220806118155,학하다방,카페,유성구,학하동,대전광역시 유성구 학하서로 71,127.2983485,36.34379299
MA010120220806434667,달달,카페,유성구,진잠동,대전광역시 유성구 진잠로74번길 52,127.3193854,36.29876968
MA010120220808353517,사발,카페,유성구,노은2동,대전광역시 유성구 노은서로266번길 61,127.3205413,36.38256714
MA010120220806531425,그린브라우니,카페,유성구,상대동,대전광역시 유성구 상대동로2번길 67-17,127.3393332,36.34440458
MA010120220806231956,홈,카페,유성구,노은2동,대전광역시 유성구 외삼로 3,127.3122929,36.39620569
MA010120220806969991,하루,카페,유성구,온천2동,대전광역시 유성구 유성대로 737,127.3332577,36.35903876
MA010120220811894621,라빅커피,카페,유성구,온천2동,대전광역시 유성구 궁동로 40,127.3491658,36.36355327
MA010120220806235312,커피라이크유,카페,유성구,온천2동,대전광역시 유성구 궁동로 74,127.352766,36.36384909
MA010120220805937849,가배로스터스,카페,유성구,온천2동,대전광역시 유성구 어은로42번길 21-10,127.3587368,36.36352492
MA010120220800851322,간코대전테크노,카페,유성구,관평동,대전광역시 유성구 테크노중앙로 123,127.3985194,36.42343465
MA010120220813693551,커스텀커피대전,카페,유성구,온천2동,대전광역시 유성구 죽동로297번길 83,127.3384507,36.36957691
MA010120220803179794,렌토,카페,유성구,관평동,대전광역시 유성구 관용로31번길 33,127.3816067,36.41720879
MA010120220803170159,커피그림,카페,유성구,노은3동,대전광역시 유성구 반석로12번길 61,127.3117133,36.39342259
MA010120220805347005,메종드봄,카페,유성구,온천2동,대전광역시 유성구 장대로80번길 31,127.3348897,36.36289122
MA010120220808159361,카페가비원,카페,유성구,신성동,대전광역시 유성구 엑스포로151번길 19,127.3953806,36.37615184
MA010120220810799428,커피드립스,카페,유성구,관평동,대전광역시 유성구 관평2로 30,127.3894126,36.42411354
MA010120220807994339,드롭탑유성복합터미널DT점혜가빌딩,카페,유성구,온천1동,대전광역시 유성구 유성대로680번길 1-11,127.3307875,36.35454876
MA010120220805855665,온즈브루잉,카페,유성구,온천2동,대전광역시 유성구 어은로57번길 47,127.3540847,36.36223209
MA010120220806955630,신세계푸드VIP라운지퍼스트,카페,유성구,신성동,대전광역시 유성구 대덕대로 480,127.3872033,36.37662921
MA010120220807797628,착한커피,카페,유성구,노은2동,대전광역시 유성구 북유성대로 219,127.318892,36.38532914
MA010120220803228552,아로파스페이스,카페,유성구,전민동,대전광역시 유성구 문지로 285,127.4066984,36.39239797
MA010120220806174475,본젤라또,카페,유성구,전민동,대전광역시 유성구 엑스포로 488,127.4057013,36.39998919
MA010120220813869051,커스텀커피,카페,유성구,관평동,대전광역시 유성구 관들3길 77-12,127.3914054,36.42347621
MA010120220806522142,리틀리커피,카페,유성구,전민동,대전광역시 유성구 유성대로 1559,127.3862012,36.40610067
MA010120220805062695,그린브라우니,카페,유성구,노은1동,대전광역시 유성구 노은서로76번길 77,127.3172146,36.36747236
MA010120220809631356,투썸플레이스유성,카페,유성구,온천1동,대전광역시 유성구 문화원로 99,127.3468291,36.35924345
MA010120220806205249,도나트리,카페,유성구,진잠동,대전광역시 유성구 진잠로66번길 55,127.3199288,36.29825455
MA010120220804805217,블레스롤,카페,유성구,온천1동,대전광역시 유성구 한밭대로492번길 7,127.3535688,36.35903445
MA010120220805931347,온유커피,카페,유성구,전민동,대전광역시 유성구 전민로46번길 27,127.4018395,36.39689322
MA010120220812878365,고속다방,카페,유성구,온천2동,대전광역시 유성구 유성대로736번길 46,127.336163,36.35843584
MA010120220807000582,라스커피,카페,유성구,원신흥동,대전광역시 유성구 봉명로 27-21,127.3434927,36.34288773
MA010120220810130151,둥이네,카페,유성구,신성동,대전광역시 유성구 유성대로 978,127.344307,36.37856289
MA010120220814364788,디저트카페구움,카페,유성구,전민동,대전광역시 유성구 전민로30번길 18,127.4018316,36.39752406
MA010120220813171312,한나커피,카페,유성구,전민동,대전광역시 유성구 아리랑로 4,127.4068443,36.37974507
MA010120220808987379,패스트카페,카페,유성구,관평동,대전광역시 유성구 테크노4로 115,127.3891689,36.42442073
MA010120220806699042,연다연,카페,유성구,노은3동,대전광역시 유성구 반석동로 82,127.3114537,36.39540584
MA010120220808045367,토타카페,카페,유성구,학하동,대전광역시 유성구 학하서로 10,127.3038179,36.34089544
MA010120220811744596,카페토브,카페,유성구,노은3동,대전광역시 유성구 지족북로14번길 6,127.3037057,36.38657629
MA010120220803168817,오솔,카페,유성구,온천2동,대전광역시 유성구 어은로58번길 20,127.3576125,36.36374457
MA010120220814353824,토르타페,카페,유성구,전민동,대전광역시 유성구 엑스포로 488,127.4057013,36.39998919
MA010120220808777384,파스쿠찌,카페,유성구,온천1동,대전광역시 유성구 온천북로 15,127.3448262,36.35732074
MA010120220806231409,보카보카,카페,유성구,전민동,대전광역시 유성구 전민로18번길 33,127.4029612,36.39825922
MA010120220805544674,스윗데이,카페,유성구,원신흥동,대전광역시 유성구 원신흥남로12번길 41-2,127.3407121,36.33362257
MA010120220807083859,줄리아노,카페,유성구,신성동,대전광역시 유성구 엑스포로123번길 27-22,127.3922829,36.37621612
MA010120220812045085,파비아노커피,카페,유성구,온천1동,대전광역시 유성구 온천로101번길 16,127.3494182,36.35520766
MA010120220805303304,까페다비드,카페,유성구,노은3동,대전광역시 유성구 지족로 283,127.3080571,36.38774568
MA010120220806235328,옆집,카페,유성구,원신흥동,대전광역시 유성구 봉명서로 11-16,127.3405562,36.34386941
MA010120220805139646,인아웃,카페,유성구,온천1동,대전광역시 유성구 계룡로16번길 6,127.3324203,36.35601314
MA010120220813331348,러프,카페,유성구,관평동,대전광역시 유성구 관들5길 77-33,127.3923168,36.42287845
MA010120220805462753,떼제,카페,유성구,신성동,대전광역시 유성구 신성로61번길 79,127.3494734,36.39247097
MA010120220810103758,카페인,카페,유성구,학하동,대전광역시 유성구 동서대로 138,127.2967133,36.35026752
MA010120220809324701,보테가비노,카페,유성구,신성동,대전광역시 유성구 엑스포로97번길 40,127.3904671,36.37634824
MA010120220807979886,올리브가든,카페,유성구,온천2동,대전광역시 유성구 어은로48번길 10-5,127.3579307,36.36267122
MA010120220806770504,85도씨,카페,유성구,학하동,대전광역시 유성구 수통골로 69,127.2917428,36.34677417
MA010120220803260594,카멜로,카페,유성구,원신흥동,대전광역시 유성구 원신흥남로42번길 47,127.340375,36.33549799
MA010120220808214502,메이플하우스,카페,유성구,신성동,대전광역시 유성구 신성로61번길 93,127.3504989,36.39247698
MA010120220806479190,해이커피,카페,유성구,온천2동,대전광역시 유성구 농대로 12,127.3534023,36.36163934
MA010120220806877343,에브리띵,카페,유성구,신성동,대전광역시 유성구 엑스포로 1,127.3821814,36.37518549
MA010120220809707494,콩알2,카페,유성구,온천2동,대전광역시 유성구 대학로75번길 50,127.3412531,36.36061127
MA010120220805132952,노리터,카페,유성구,관평동,대전광역시 유성구 테크노3로 65,127.3907769,36.42932682
MA010120220806016579,벨로코펜하겐,카페,유성구,온천2동,대전광역시 유성구 어은로58번길 20,127.3576125,36.36374457
MA010120220806224649,아라비카에스프레소,카페,유성구,전민동,대전광역시 유성구 유성대로 1726,127.4009385,36.39944655
MA010120220814283634,세인트쥴리앙스,카페,유성구,노은3동,대전광역시 유성구 지족북로66번길 10,127.3063339,36.38886757
MA010120220813925669,공차,카페,유성구,노은1동,대전광역시 유성구 노은로 158,127.3184098,36.37367827
MA010120220806214048,커피다오,카페,유성구,학하동,대전광역시 유성구 동서대로189번길 21,127.2962051,36.34551056
MA010120220805383948,커피베이,카페,유성구,진잠동,대전광역시 유성구 진잠로78번길 4,127.3163229,36.2985345
MA010120220806206414,투썸플레이스대전,카페,유성구,온천1동,대전광역시 유성구 온천로 84,127.347053,36.35447559
MA010120220812548297,플루피,카페,유성구,원신흥동,대전광역시 유성구 원신흥남로42번길 11-15,127.3388436,36.33681806
MA010120220803305378,담소커피랩,카페,유성구,노은3동,대전광역시 유성구 북유성대로 303,127.3142475,36.39163163
MA010120220806881283,감성커피대전,카페,유성구,온천1동,대전광역시 유성구 온천로 45,127.3433838,36.35613534
MA010120220814242594,네이비스웨이브,카페,유성구,구즉동,대전광역시 유성구 와룡로136번길 84,127.3860689,36.43793922
MA010120220805345666,압구정시골쥐,카페,유성구,온천2동,대전광역시 유성구 대학로76번길 55,127.3472118,36.36012549
MA010120220813607273,오소당,카페,유성구,신성동,대전광역시 유성구 엑스포로151번길 19,127.3953806,36.37615184
MA010120220809662128,돌채카페,카페,유성구,온천2동,대전광역시 유성구 죽동로298번길 22,127.3376517,36.37032714
MA010120220810371906,커피에반하다,카페,유성구,구즉동,대전광역시 유성구 구즉로57번길 8-2,127.3848032,36.43458197
MA010120220811754556,지오커피,카페,유성구,온천2동,대전광역시 유성구 죽동로279번길 20,127.3387332,36.37048629
MA010120220803531108,카페와이,카페,유성구,노은1동,대전광역시 유성구 왕가봉로 30,127.3158375,36.36586291
MA010120220806219708,카이로스,카페,유성구,온천2동,대전광역시 유성구 궁동로14번길 22,127.3485364,36.36233852
MA010120220802990579,타미띠에,카페,유성구,온천1동,대전광역시 유성구 도안대로 591,127.3407861,36.35315988
MA010120220813520398,데일리오아시스대전,카페,유성구,온천1동,대전광역시 유성구 도안대로577번길 13,127.3396994,36.35178418
MA010120220808049122,과일한가득,카페,유성구,노은1동,대전광역시 유성구 노은서로142번길 28,127.3162246,36.37340471
MA010120220813455194,디에떼관평점,카페,유성구,관평동,대전광역시 유성구 테크노중앙로 14,127.3869845,36.42692405
MA010120220804607497,커피바노루,카페,유성구,원신흥동,대전광역시 유성구 원신흥로55번길 65-16,127.343729,36.34090447
MA010120220806987961,나무엔,카페,유성구,신성동,대전광역시 유성구 신성로68번길 41,127.3495643,36.38787474
MA010120220805278598,바른식혜,카페,유성구,노은1동,대전광역시 유성구 은구비로 6,127.3157549,36.37575802
MA010120220805407993,손수,카페,유성구,관평동,대전광역시 유성구 용산2로 4,127.3962137,36.42173012
MA010120220805343994,눈소풍,카페,유성구,신성동,대전광역시 유성구 엑스포로123번길 26-30,127.3956219,36.37537604
MA010120220814126309,갈색다실,카페,유성구,학하동,대전광역시 유성구 학하남로19번길 30,127.3038598,36.34021044
MA010120220805053027,커피메모리,카페,유성구,노은3동,대전광역시 유성구 반석동로40번길 92-27,127.3142832,36.38944169
MA010120220813902867,빽다방,카페,유성구,노은3동,대전광역시 유성구 지족동로 152,127.3087804,36.38743742
MA010120220806207778,앤,카페,유성구,신성동,대전광역시 유성구 가정로 308,127.3770155,36.38542117
MA010120220813969898,아이갓에브리씽한전전력연구원점,카페,유성구,전민동,대전광역시 유성구 문지로 105,127.3891688,36.39311423
MA010120220805073609,투썸플레이스대전,카페,유성구,신성동,대전광역시 유성구 가정로 316,127.3778848,36.38541843
MA010120220805954534,카페블레싱,카페,유성구,학하동,대전광역시 유성구 학하중앙로168번길 27-15,127.3105571,36.3381115
MA010120220805729955,더쉼,카페,유성구,원신흥동,대전광역시 유성구 원신흥남로11번길 24-6,127.3368367,36.33376874
MA010120220806742262,베니스타,카페,유성구,학하동,대전광역시 유성구 학하북로 85,127.3076892,36.34242655
MA010120220813075446,마음을담다,카페,유성구,진잠동,대전광역시 유성구 성북로 74,127.3055529,36.28885674
MA010120220812858251,풍경,카페,유성구,온천1동,대전광역시 유성구 유성대로668번길 109,127.3357114,36.35184952
MA010120220811225165,빽다방대전봉명,카페,유성구,온천1동,대전광역시 유성구 문화원로 86,127.3455013,36.35880572
MA010120220802284468,조이카페,카페,유성구,노은2동,대전광역시 유성구 노은로426번길 54,127.331165,36.3884138
MA010120220810595947,공차,카페,유성구,관평동,대전광역시 유성구 테크노4로 115,127.3891689,36.42442073
MA010120220802948453,담을,카페,유성구,온천2동,대전광역시 유성구 문화원로 40,127.3403266,36.3602174
MA010120220812821930,리틀리커피CT,카페,유성구,전민동,대전광역시 유성구 유성대로 1559,127.3862012,36.40610067
MA010120220800638612,그린브라우니,카페,유성구,학하동,대전광역시 유성구 동서대로179번길 80,127.2985878,36.34810903
MA010120220814126088,카페오륙이륙,카페,유성구,원신흥동,대전광역시 유성구 원신흥남로41번길 10,127.3374711,36.33623617
MA010120220814061903,세실,카페,유성구,학하동,대전광역시 유성구 덕명서로12번길 27-9,127.302611,36.36005753
MA010120220812613334,엑시트,카페,유성구,관평동,대전광역시 유성구 엑스포로539번길 223,127.395092,36.4094059
MA010120220810484797,갤러리고트빈,카페,유성구,신성동,대전광역시 유성구 엑스포로 131,127.3941059,36.37529994
MA010120220808475860,팬트리,카페,유성구,온천1동,대전광역시 유성구 현충원로347번길 45-9,127.3078928,36.36020624
MA010120220810583376,주니파이,카페,유성구,노은3동,대전광역시 유성구 반석로 53-19,127.3088125,36.38992457
MA010120220813732988,메가엠지씨커피,카페,유성구,온천2동,대전광역시 유성구 궁동로18번길 31,127.3491628,36.36288641
MA010120220813442799,디어,카페,유성구,온천2동,대전광역시 유성구 죽동로242번길 8-30,127.3380094,36.37573317
MA010120220814051482,공차대전,카페,유성구,원신흥동,대전광역시 유성구 도안대로 512-11,127.3408663,36.34600432
MA010120220810062439,커피콩방앗간,카페,유성구,관평동,대전광역시 유성구 배울1로 119,127.3921791,36.41766116
MA010120220810583234,로아지스,카페,유성구,노은3동,대전광역시 유성구 반석동로40번길 10,127.3125614,36.39089709
MA010120220806643967,윌사운즈,카페,유성구,온천1동,대전광역시 유성구 계룡로 20,127.3333108,36.3558124
MA010120220810345029,에떼,카페,유성구,관평동,대전광역시 유성구 관들3길 69,127.3916594,36.42297072
MA010120220803111228,카페숲,카페,유성구,구즉동,대전광역시 유성구 구룡달전로 77,127.3777537,36.43893006
MA010120220812282170,디씨에프커피컴퍼니,카페,유성구,원신흥동,대전광역시 유성구 봉명서로 57-5,127.3413403,36.3474088
MA010120220807560158,업소명없음,카페,유성구,신성동,대전광역시 유성구 엑스포로123번길 46-15,127.3938368,36.37718428
MA010120220800454100,온어스,카페,유성구,신성동,대전광역시 유성구 자운로 90,127.3497257,36.39903075
MA010120220806226587,에버미라클대전본부,카페,유성구,원신흥동,대전광역시 유성구 봉명서로 21-10,127.3411833,36.3446156
MA010120220812279509,커스텀커피,카페,유성구,노은1동,대전광역시 유성구 은구비남로33번길 5,127.3190069,36.37253219
MA010120220807884815,모두담다,카페,유성구,진잠동,대전광역시 유성구 원내로 53,127.3217062,36.30001611
MA010120220812561604,커피생각,카페,유성구,온천1동,대전광역시 유성구 월드컵대로275번길 49,127.3314843,36.35071683
MA010120220806352022,설이,카페,유성구,학하동,대전광역시 유성구 덕명서로2번길 33,127.3029389,36.35840754
MA010120220806254840,법인옥미랄유,카페,유성구,학하동,대전광역시 유성구 학하남로57번길 11,127.304669,36.33919906
MA010120220808111257,골목숲,카페,유성구,구즉동,대전광역시 유성구 구즉로48번길 33,127.386802,36.43282726
MA010120220806366828,커피먹은슬라임,카페,유성구,노은1동,대전광역시 유성구 은구비남로33번길 5,127.3190069,36.37253219
MA010120220808087434,시타라,카페,유성구,관평동,대전광역시 유성구 오룡2길 70,127.4049788,36.41328384
MA010120220806215766,아이앰,카페,유성구,온천2동,대전광역시 유성구 어은로52번길 10,127.3579341,36.36341918
MA010120220800115402,하얀책상,카페,유성구,원신흥동,대전광역시 유성구 원신흥로55번길 66-23,127.3441442,36.33904684
MA010120220803826494,바니트리커피,카페,유성구,온천1동,대전광역시 유성구 온천북로 7,127.3440581,36.35746714
MA010120220802905142,제이더블유컴퍼니,카페,유성구,온천1동,대전광역시 유성구 문화원로 89,127.3457373,36.35927365
MA010120220812081282,드라마베이커리카페,카페,유성구,진잠동,대전광역시 유성구 성북로 80-3,127.3048655,36.28956142
MA010120220814204717,오슬로의시간,카페,유성구,온천2동,대전광역시 유성구 죽동로280번길 32,127.3375806,36.37194045
MA010120220805937128,봉명동내커피대전,카페,유성구,온천1동,대전광역시 유성구 유성대로694번길 66,127.3352206,36.3543021
MA010120220806723391,카페오아유,카페,유성구,온천1동,대전광역시 유성구 유성대로654번길 77,127.3332587,36.35144184
MA010120220802996904,아이앰,카페,유성구,상대동,대전광역시 유성구 월드컵대로316번길 1,127.3354168,36.34811047
MA010120220804968535,인제이카페,카페,유성구,원신흥동,대전광역시 유성구 원신흥남로27번길 50,127.33567,36.33442087
MA010120220806225227,드림,카페,유성구,전민동,대전광역시 유성구 유성대로 1646,127.3907615,36.39955238
MA010120220805389849,녹색지대,카페,유성구,진잠동,대전광역시 유성구 계백로421번길 26,127.2896843,36.27215217
MA010120220812889044,데이지136,카페,유성구,구즉동,대전광역시 유성구 대덕대로1111번길 1-8,127.384049,36.42635679
MA010120220805838120,그라운드,카페,유성구,원신흥동,대전광역시 유성구 원신흥남로11번길 32-28,127.3365613,36.33447243
MA010120220803264096,파스쿠찌대전,카페,유성구,온천2동,대전광역시 유성구 대학로 291,127.356987,36.36828835
MA010120220805527816,다솜카페,카페,유성구,진잠동,대전광역시 유성구 계백로421번길 27,127.2892825,36.27184673
MA010120220809397853,지즈,카페,유성구,학하동,대전광역시 유성구 덕명서로2번길 19,127.3022605,36.35872467
MA010120220810275835,할리스커피,카페,유성구,온천2동,대전광역시 유성구 대학로 84,127.3446969,36.3608447
MA010120220806233750,카페505,카페,유성구,관평동,대전광역시 유성구 테크노3로 77,127.3899607,36.42890594
MA010120220809234857,스터프커피,카페,유성구,온천2동,대전광역시 유성구 죽동로280번길 31,127.3377918,36.37181368
MA010120220805844011,보노,카페,유성구,온천1동,대전광역시 유성구 계룡로26번길 41,127.3332807,36.3539831
MA010120220806220092,커피디자인,카페,유성구,전민동,대전광역시 유성구 전민로46번길 20,127.4013702,36.39668753
MA010120220808031593,카페잇,카페,유성구,온천2동,대전광역시 유성구 대학로 291,127.356987,36.36828835
MA010120220811714662,별꽃,카페,유성구,전민동,대전광역시 유성구 유성대로1679번길 6,127.3960473,36.39994049
MA010120220813858251,코코다임,카페,유성구,노은1동,대전광역시 유성구 은구비서로 33,127.3204776,36.37518671
MA010120220807980631,이굿,카페,유성구,온천1동,대전광역시 유성구 온천북로 51,127.348556,36.35675118
MA010120220806223815,일공일일,카페,유성구,신성동,대전광역시 유성구 신성로 56,127.3476841,36.38865523
MA010120220813011952,순자다방,카페,유성구,전민동,대전광역시 유성구 전민로70번길 38,127.4024958,36.39880149
MA010120220813027855,탬파카커피컴패니,카페,유성구,학하동,대전광역시 유성구 학하서로121번길 55-9,127.2982593,36.34960581
MA010120220801061020,디에떼에스프레소에트리융합점,카페,유성구,신성동,대전광역시 유성구 가정로 218,127.3652331,36.38266415
MA010120220812768520,블루포트,카페,유성구,신성동,대전광역시 유성구 가정북로 68,127.3674448,36.390849
MA010120220812712055,관평의숲,카페,유성구,관평동,대전광역시 유성구 관용로 11-20,127.3788556,36.41782133
MA010120220803277242,커피와유,카페,유성구,관평동,대전광역시 유성구 엑스포로625번길 46,127.4057413,36.41198357
MA010120220806235954,곰,카페,유성구,원신흥동,대전광역시 유성구 봉명서로 15,127.3413464,36.34371396
MA010120220804049943,이디야,카페,유성구,온천1동,대전광역시 유성구 한밭대로 502,127.3541676,36.35840186
MA010120220804971117,찜질카페림,카페,유성구,노은1동,대전광역시 유성구 은구비서로24번길 24,127.321833,36.37418277
MA010120220808787438,꽃피는봄날,카페,유성구,학하동,대전광역시 유성구 수통골로 49,127.2895009,36.34601363
MA010120220803543502,훈토커피로스터스,카페,유성구,온천2동,대전광역시 유성구 죽동로297번길 15,127.3382703,36.36907276
MA010120220802909955,굿무인아이스크림앤커피,카페,유성구,온천2동,대전광역시 유성구 어은로58번길 18,127.3575008,36.36369083
MA010120220800042598,로우프레소,카페,유성구,상대동,대전광역시 유성구 상대동로 44,127.3391435,36.34689237
MA010120220800882372,모리스커피,카페,유성구,전민동,대전광역시 유성구 전민로46번길 36,127.4022174,36.39668468
MA010120220813405334,유성카페1968,카페,유성구,온천1동,대전광역시 유성구 유성대로654번길 73,127.3330475,36.35154156
MA010120220813127258,순카페,카페,유성구,원신흥동,대전광역시 유성구 원신흥남로41번길 11-1,127.3375146,36.33601076
MA010120220803404868,쥬니프루트,카페,유성구,온천2동,대전광역시 유성구 유성대로720번길 34,127.3338289,36.3571447
MA010120220806349821,마이카페,카페,유성구,노은1동,대전광역시 유성구 노은동로79번길 43,127.3208587,36.3675888
MA010120220803047980,농부커피,카페,유성구,신성동,대전광역시 유성구 신성남로 55,127.3503514,36.38694423
MA010120220813988261,카페메이데이,카페,유성구,노은3동,대전광역시 유성구 반석동로40번길 78-22,127.3142304,36.39015375
MA010120220813006508,봄봄,카페,유성구,관평동,대전광역시 유성구 테크노3로 77,127.3899607,36.42890594
MA010120220811689963,호호,카페,유성구,관평동,대전광역시 유성구 관들3길 15-7,127.3902684,36.42354301
MA010120220812369609,산들,카페,유성구,상대동,대전광역시 유성구 월드컵대로308번길 21-13,127.3349127,36.34744501
MA010120220806449863,이수컴퍼니,카페,유성구,진잠동,대전광역시 유성구 진잠로140번길 5-5,127.3172989,36.30311894
MA010120220808688487,바울레,카페,유성구,관평동,대전광역시 유성구 관들1길 28,127.3883189,36.42616274
MA010120220807998001,아스티,카페,유성구,전민동,대전광역시 유성구 문지로316번길 37-11,127.4078723,36.39520561
MA010120220809630340,비307308,카페,유성구,전민동,대전광역시 유성구 전민로46번길 46,127.4027524,36.39667387
MA010120220808820562,가치;다,카페,유성구,노은3동,대전광역시 유성구 반석서로71번길 7,127.3074023,36.39411865
MA010120220806352150,리가야,카페,유성구,원신흥동,대전광역시 유성구 원신흥남로42번길 12-3,127.3390963,36.3360243
MA010120220802887440,플라워카페아이엠티유성덕명,카페,유성구,학하동,대전광역시 유성구 학하서로10번길 6-24,127.3048658,36.34110004
MA010120220808089249,카페리브리베,카페,유성구,온천1동,대전광역시 유성구 계룡로 38,127.3351023,36.35530273
MA010120220806563185,오아시스,카페,유성구,신성동,대전광역시 유성구 자운로97번길 410,127.3375842,36.41401605
MA010120220806228125,커피2데이,카페,유성구,온천1동,대전광역시 유성구 유성대로694번길 79,127.3359226,36.35434518
MA010120220808309013,헤비츠,카페,유성구,노은1동,대전광역시 유성구 갑동로 14,127.2893248,36.36163145
MA010120220810266202,카페보니또,카페,유성구,신성동,대전광역시 유성구 대덕대로 950,127.378534,36.41356885
MA010120220810580809,포코어커피,카페,유성구,전민동,대전광역시 유성구 문지로316번길 45-18,127.4076079,36.39580129
MA010120220803027183,빽다방대전,카페,유성구,온천2동,대전광역시 유성구 죽동로 295,127.3380833,36.36964103
MA010120220808598001,카페보스턴,카페,유성구,학하동,대전광역시 유성구 덕명로71번길 6-19,127.307094,36.35822571
MA010120220813894721,디프레소,카페,유성구,온천1동,대전광역시 유성구 계룡로26번길 39,127.3333257,36.35409112
MA010120220806509684,풀멍식물카페,카페,유성구,상대동,대전광역시 유성구 상대동로2번길 33,127.3394435,36.34416095
MA010120220812864990,커피프렌드라인,카페,유성구,온천1동,대전광역시 유성구 유성대로694번길 80,127.336033,36.35409254
MA010120220813108311,플레이스38,카페,유성구,노은2동,대전광역시 유성구 송림로48번길 6-14,127.3223654,36.38705908
MA010120220810575855,서소우,카페,유성구,원신흥동,대전광역시 유성구 원신흥남로42번길 28-19,127.3399505,36.33521983
MA010120220808771163,빽다방대전유성,카페,유성구,원신흥동,대전광역시 유성구 도안대로 512-16,127.3410875,36.34565223
MA010120220801438531,카페라온,카페,유성구,관평동,대전광역시 유성구 테크노4로 17,127.3949967,36.43241293
MA010120220805274375,한국연구재단생활협동조합,카페,유성구,신성동,대전광역시 유성구 가정로 201,127.3660824,36.38552728
MA010120220800236708,달리는커피대전,카페,유성구,신성동,대전광역시 유성구 엑스포로123번길 34,127.3939776,36.37636375
MA010120220808520620,쏠르씨엘,카페,유성구,온천1동,대전광역시 유성구 대학로 55-41,127.3424928,36.35874229
MA010120220809431703,투썸플레이스대전모다,카페,유성구,진잠동,대전광역시 유성구 대정로 5,127.3195768,36.31292676
MA010120220808300384,별찌,카페,유성구,온천1동,대전광역시 유성구 온천북로59번길 10,127.3498597,36.35677441
MA010120220813716161,쉬즈베이글,카페,유성구,노은2동,대전광역시 유성구 노은로 150,127.3184068,36.37293932
MA010120220800610973,지아커피,카페,유성구,진잠동,대전광역시 유성구 진잠로74번길 48,127.3192296,36.2987701
MA010120220806858602,드롭탑,카페,유성구,신성동,대전광역시 유성구 유성대로1184번길 11-27,127.3529289,36.39496606
MA010120220808208612,다카포,카페,유성구,진잠동,대전광역시 유성구 진잠로62번길 39,127.3185908,36.29773544
MA010120220806227348,카페인누와,카페,유성구,학하동,대전광역시 유성구 학하서로121번길 51,127.2987275,36.34969476
MA010120220807132949,한빛스퀘어,카페,유성구,신성동,대전광역시 유성구 대덕대로 480,127.3872033,36.37662921
MA010120220807144486,아이앤알커피로스터스,카페,유성구,노은3동,대전광역시 유성구 지족로349번길 40-16,127.316359,36.38733648
MA010120220806118363,세인트빈,카페,유성구,노은2동,대전광역시 유성구 외삼로 32,127.3142368,36.39730002
MA010120220806231838,콩알,카페,유성구,온천2동,대전광역시 유성구 대학로75번길 50,127.3412531,36.36061127
MA010120220802782646,피아카페,카페,유성구,노은2동,대전광역시 유성구 은구비로155번길 32-17,127.3247186,36.37939275
MA010120220810536002,트윈스디저트카페,카페,유성구,진잠동,대전광역시 유성구 대정로 5,127.3195768,36.31292676
MA010120220811884695,그라찌에,카페,유성구,온천2동,대전광역시 유성구 대학로 291,127.356987,36.36828835
MA010120220803259083,대덕,카페,유성구,관평동,대전광역시 유성구 테크노중앙로 153,127.4009262,36.42309317
MA010120220812943892,파운딩파머스,카페,유성구,신성동,대전광역시 유성구 엑스포로151번길 19,127.3953806,36.37615184
MA010120220813598544,소피아지트,카페,유성구,원신흥동,대전광역시 유성구 원신흥남로42번길 28-6,127.3397193,36.33583329
MA010120220800224255,메가엠지씨커피대전도안,카페,유성구,상대동,대전광역시 유성구 상대동로 34,127.3391729,36.3459821
MA010120220809562893,레이니하우스,카페,유성구,신성동,대전광역시 유성구 가정로 81-1,127.3524853,36.3855862
MA010120220810368434,써머시티커피,카페,유성구,온천2동,대전광역시 유성구 죽동로298번길 27-17,127.3370353,36.36950882
MA010120220812788014,할리스커피,카페,유성구,전민동,대전광역시 유성구 전민로22번길 62,127.4027429,36.39916112
MA010120220806349808,커피살림,카페,유성구,온천2동,대전광역시 유성구 대학로 153-1,127.3505679,36.36067442
MA010120220813483418,판타스마,카페,유성구,관평동,대전광역시 유성구 관들3길 55,127.3910585,36.42322502
MA010120220813983091,토트,카페,유성구,노은2동,대전광역시 유성구 노은로 170,127.3184256,36.37481371
MA010120220809999433,윤슬카페,카페,유성구,온천1동,대전광역시 유성구 온천로 59,127.3445958,36.35560016
MA010120220806172380,허니탱크,카페,유성구,온천2동,대전광역시 유성구 장대로 50,127.3364018,36.35955263
MA010120220809936112,수호특별한커피,카페,유성구,진잠동,대전광역시 유성구 원내로39번길 17,127.3199495,36.30059758
MA010120220806561499,무인카페수,카페,유성구,학하동,대전광역시 유성구 학하서로 51,127.3000594,36.34259915
MA010120220812333335,커피커피,카페,유성구,전민동,대전광역시 유성구 전민로 38,127.4008679,36.39654503
MA010120220814061945,알베로주택,카페,유성구,노은2동,대전광역시 유성구 북유성대로155번길 40-9,127.3216599,36.3808429
MA010120220812184586,유캔두잇,카페,유성구,온천2동,대전광역시 유성구 대학로81번길 65,127.341249,36.36222438
MA010120220811475979,쥬스킹,카페,유성구,온천2동,대전광역시 유성구 대학로 291,127.356987,36.36828835
MA010120220813311820,애프터카페,카페,유성구,노은2동,대전광역시 유성구 은구비로155번길 41,127.3252339,36.38003118
MA010120220803581188,두두카페,카페,유성구,노은2동,대전광역시 유성구 은구비로155번안길 68,127.3261073,36.38101108
MA010120220806236217,피쿼드커피,카페,유성구,관평동,대전광역시 유성구 테크노4로 98-6,127.3894574,36.42638432
MA010120220805146169,카페천국송강,카페,유성구,구즉동,대전광역시 유성구 구즉로58번길 40,127.3871626,36.43359208
MA010120220806199701,리본커피,카페,유성구,온천1동,대전광역시 유성구 유성대로 641,127.3280687,36.35179865
MA010120220807121557,메가엠지씨커피유성,카페,유성구,온천2동,대전광역시 유성구 어은로48번길 12,127.3577865,36.36281584
MA010120220806954547,커피보카,카페,유성구,구즉동,대전광역시 유성구 송강로 24,127.3852747,36.43294034
MA010120220812065162,바오,카페,유성구,온천2동,대전광역시 유성구 죽동로279번길 71-17,127.3392641,36.37213393
MA010120220806339965,아리음,카페,유성구,전민동,대전광역시 유성구 문지로 323-15,127.4061021,36.39561717
MA010120220807135174,카페가비원,카페,유성구,상대동,대전광역시 유성구 상대동로 12,127.3387409,36.34396469
MA010120220806224549,컨베이어스,카페,유성구,노은3동,대전광역시 유성구 반석로11번길 66-14,127.3153516,36.38904236
MA010120220813901165,링크에프엔비,카페,유성구,신성동,대전광역시 유성구 대덕대로989번길 111,127.3749793,36.42558358
MA010120220813036231,시호루,카페,유성구,학하동,대전광역시 유성구 학하중앙로 21,127.2989454,36.34840553
MA010120220800525278,더리터충남대서문점,카페,유성구,온천2동,대전광역시 유성구 유성대로 875,127.3395658,36.36974497
MA010120220809809552,커피몰,카페,유성구,구즉동,대전광역시 유성구 봉산로16번길 17,127.3883887,36.43569682
MA010120220813730805,버찌책방,카페,유성구,노은3동,대전광역시 유성구 지족로349번길 48-7,127.3171398,36.38748761
MA010120220802285261,투썸플레이스,카페,유성구,관평동,대전광역시 유성구 테크노3로 74,127.3892938,36.42934067
MA010120220803578201,실로그리다,카페,유성구,학하동,대전광역시 유성구 학하남로 10,127.3028795,36.34307867
MA010120220806219716,정직한커피,카페,유성구,온천2동,대전광역시 유성구 어은로48번길 20,127.3581998,36.3630399
MA010120220810315883,마담커피,카페,유성구,원신흥동,대전광역시 유성구 원신흥로55번길 66-3,127.3439368,36.3400117
MA010120220809703451,라코,카페,유성구,온천2동,대전광역시 유성구 유성대로751번길 1,127.3341194,36.35993753
MA010120220811801198,카페로마,카페,유성구,노은1동,대전광역시 유성구 노은로 71,127.3172421,36.3660214
MA010120220806350225,유성식당,카페,유성구,온천2동,대전광역시 유성구 유성대로720번길 41,127.3343427,36.35744065
MA010120220804880074,이소당,카페,유성구,온천2동,대전광역시 유성구 죽동로280번길 37,127.3378019,36.37156133
MA010120220808980367,와타빈,카페,유성구,온천2동,대전광역시 유성구 죽동로279번길 63-16,127.3392301,36.37199886
MA010120220803704752,더카페,카페,유성구,온천1동,대전광역시 유성구 대학로 60,127.344242,36.35874628
MA010120220808023361,진하오차,카페,유성구,노은3동,대전광역시 유성구 반석로 7,127.3138794,36.39157852
MA010120220814357902,로아스토리,카페,유성구,노은2동,대전광역시 유성구 은구비로 151,127.3258292,36.38111998
MA010120220806178715,수다방,카페,유성구,온천1동,대전광역시 유성구 계룡로 13,127.3326889,36.35630077
MA010120220806230068,티앤커피,카페,유성구,온천2동,대전광역시 유성구 문화원로6번길 104,127.3378525,36.35749386
MA010120220808135719,니치스트릿,카페,유성구,학하동,대전광역시 유성구 학하서로 140-2,127.3020251,36.34681171
MA010120220807749114,모베러에스프레소,카페,유성구,진잠동,대전광역시 유성구 진잠로140번길 7,127.3172757,36.30290272
MA010120220808086451,카페리오,카페,유성구,노은1동,대전광역시 유성구 노은로 71,127.3172421,36.3660214
MA010120220809892559,카페루체인,카페,유성구,상대동,대전광역시 유성구 상대복용로29번길 52,127.3297009,36.33727619
MA010120220805852972,카페알베로,카페,유성구,관평동,대전광역시 유성구 관들1길 35,127.3889769,36.42616961
MA010120220809749342,향기스토리카페,카페,유성구,학하동,대전광역시 유성구 학하중앙로159번길 32,127.3106807,36.3411842
MA010120220810073477,다뺀다방대전,카페,유성구,온천2동,대전광역시 유성구 죽동로298번길 27-4,127.3369377,36.3701309
MA010120220806240312,카페데에트와,카페,유성구,학하동,대전광역시 유성구 학하서로 117,127.3001459,36.34771762
MA010120220804544192,풀잎향,카페,유성구,상대동,대전광역시 유성구 복용동로 117,127.3276453,36.33848943
MA010120220812552655,어스,카페,유성구,신성동,대전광역시 유성구 자운로 99,127.3430999,36.40312324
MA010120220806947390,세레니티,카페,유성구,온천2동,대전광역시 유성구 유성대로751번길 20,127.3338659,36.36058708
MA010120220807102863,커피니,카페,유성구,노은1동,대전광역시 유성구 은구비서로 21-9,127.3200268,36.3739443
MA010120220806528680,버디,카페,유성구,노은1동,대전광역시 유성구 노은서로76번길 75-5,127.3167802,36.36752759
MA010120220806230775,투썸플레이스,카페,유성구,학하동,대전광역시 유성구 학하서로121번길 81,127.2977944,36.35039099
MA010120220807496418,올리브가든,카페,유성구,노은2동,대전광역시 유성구 은구비로155번안길 59,127.3262286,36.38069533
MA010120220807048586,키세스커피,카페,유성구,온천2동,대전광역시 유성구 한밭대로313번길 46,127.3376681,36.36639798
MA010120220806118946,고카페,카페,유성구,학하동,대전광역시 유성구 덕명서로 1,127.3010693,36.35898001
MA010120220809622500,토우,카페,유성구,신성동,대전광역시 유성구 신성남로111번길 28,127.3507228,36.3902234
MA010120220808500917,컴포즈커피대전유성,카페,유성구,온천1동,대전광역시 유성구 온천로 45,127.3433838,36.35613534
MA010120220810974383,카페글렌,카페,유성구,신성동,대전광역시 유성구 엑스포로123번길 34,127.3939776,36.37636375
MA010120220804915616,커피주네,카페,유성구,전민동,대전광역시 유성구 문지로 323-1,127.4067597,36.39559691
MA010120220808223814,그린브라우니,카페,유성구,온천2동,대전광역시 유성구 어은로48번길 10-6,127.3576628,36.36256388
MA010120220810659802,카페106롤앤코,카페,유성구,원신흥동,대전광역시 유성구 봉명서로 3-4,127.3407086,36.3430489
MA010120220808505502,온어스,카페,유성구,온천2동,대전광역시 유성구 과학로 125,127.3589978,36.37667224
MA010120220811878298,검은새끼돼지,카페,유성구,신성동,대전광역시 유성구 신성로58번길 33,127.3485929,36.38749909
MA010120220806220960,까페드로댕,카페,유성구,노은3동,대전광역시 유성구 지족로349번길 38,127.3165952,36.38787656
MA010120220806210279,63번길,카페,유성구,관평동,대전광역시 유성구 관용로63번길 21,127.3837151,36.41515639
MA010120220803443988,아케이드커피봉명,카페,유성구,온천1동,대전광역시 유성구 대학로 48-17,127.3442939,36.35787199
MA010120220814381466,커피향기사람향기,카페,유성구,노은1동,대전광역시 유성구 은구비서로3번길 12,127.3199545,36.37261977
MA010120220805482214,아이언브릭,카페,유성구,온천2동,대전광역시 유성구 죽동로279번길 5-17,127.338639,36.37187437
MA010120220814206255,리틀버틀러,카페,유성구,신성동,대전광역시 유성구 엑스포로 1,127.3821814,36.37518549
MA010120220804868244,카페그림자기,카페,유성구,학하동,대전광역시 유성구 수통골로 93,127.2946805,36.34591986
MA010120220813032793,체인지,카페,유성구,학하동,대전광역시 유성구 수통골로 91-1,127.2943909,36.34591156
MA010120220805518827,커피베이,카페,유성구,온천2동,대전광역시 유성구 과학로 169-84,127.3545321,36.37490126
MA010120220812960079,투썸플레이스대전노은역,카페,유성구,노은1동,대전광역시 유성구 은구비서로23번길 15,127.3196824,36.37421558
MA010120220813659900,은구비커피로스터즈,카페,유성구,노은3동,대전광역시 유성구 지족동로142번길 45,127.309649,36.38726395
MA010120220812916337,이츠올라잇,카페,유성구,온천2동,대전광역시 유성구 대학로145번길 13,127.3495807,36.36165058
MA010120220808233144,라포카페,카페,유성구,노은2동,대전광역시 유성구 은구비서로23번길 39,127.3196767,36.37554933
MA010120220812770433,바리스타빈,카페,유성구,온천2동,대전광역시 유성구 농대로17번길 22,127.3518003,36.36218477
MA010120220803019162,스윗버니,카페,유성구,온천1동,대전광역시 유성구 동서대로5번길 39-12,127.3074771,36.35931515
MA010120220814080646,앨리웨이커피로스터스,카페,유성구,원신흥동,대전광역시 유성구 원신흥로55번길 6-16,127.3430394,36.33858141
MA010120220806479696,와타빈,카페,유성구,학하동,대전광역시 유성구 현충원로 289,127.3034161,36.36079445
MA010120220806338804,슈코,카페,유성구,온천1동,대전광역시 유성구 현충원로 418,127.3172139,36.35908243
MA010120220813978232,빽다방대전송,카페,유성구,구즉동,대전광역시 유성구 봉산로 24,127.3871955,36.43571871
MA010120220812421934,컴포즈커피대전,카페,유성구,상대동,대전광역시 유성구 도안대로 511-13,127.3392718,36.34565739
MA010120220813252335,일하기싫은날다방,카페,유성구,노은3동,대전광역시 유성구 반석동로40번길 92-7,127.3155432,36.38954651
MA010120220806283332,그레그레,카페,유성구,원신흥동,대전광역시 유성구 봉명서로 51-11,127.3409265,36.34704951
MA010120220813738398,디저트카페회란,카페,유성구,원신흥동,대전광역시 유성구 봉명서로 51-9,127.3411382,36.3470489
MA010120220809727083,투썸플레이스대전,카페,유성구,전민동,대전광역시 유성구 유성대로1689번길 6,127.3971956,36.39996371
MA010120220804970895,전광수커피하우스,카페,유성구,학하동,대전광역시 유성구 학산로 46-11,127.2983227,36.339927
MA010120220806783748,로로네집커피룸,카페,유성구,원신흥동,대전광역시 유성구 원신흥남로41번길 11-12,127.3372677,36.33557889
MA010120220810360897,빽다방충남대,카페,유성구,온천2동,대전광역시 유성구 궁동로18번길 37,127.3494079,36.36288569
MA010120220806228770,지음,카페,유성구,노은1동,대전광역시 유성구 은구비로 18,127.3168464,36.37560193
MA010120220806226511,클래시커피로스터스,카페,유성구,진잠동,대전광역시 유성구 동서대로656번길 15-6,127.3363129,36.33110272
MA010120220803201676,드롭탑,카페,유성구,온천2동,대전광역시 유성구 대학로 291,127.356987,36.36828835
MA010120220805777796,카페,카페,유성구,학하동,대전광역시 유성구 학하서로121번길 130,127.298011,36.34876833
MA010120220808378370,소수,카페,유성구,온천2동,대전광역시 유성구 대학로 195-1,127.3549599,36.36113006
MA010120220806236010,녹색지대,카페,유성구,전민동,대전광역시 유성구 엑스포로 488,127.4057013,36.39998919
MA010120220812567001,아워스우스,카페,유성구,전민동,대전광역시 유성구 전민로46번길 22,127.4015039,36.39667807
MA010120220806257398,비에이치,카페,유성구,학하동,대전광역시 유성구 수통골로 9,127.2934869,36.34548122
MA010120220812319579,디에떼에스프레소유성,카페,유성구,온천1동,대전광역시 유성구 계룡로46번길 8,127.3357358,36.35493147
MA010120220814283329,브레드앤밀위드커피,카페,유성구,관평동,대전광역시 유성구 관평2로 32-1,127.3892438,36.42380769
MA010120220806901122,투썸플레이스,카페,유성구,노은3동,대전광역시 유성구 반석로 51,127.3089824,36.39061803
MA010120220803211381,오나시스,카페,유성구,온천1동,대전광역시 유성구 문화원로 150,127.3521042,36.3579033
MA010120220814194866,드브릴랑,카페,유성구,원신흥동,대전광역시 유성구 원신흥남로11번길 32-13,127.3361143,36.33413124
MA010120220805880212,엘가커피,카페,유성구,관평동,대전광역시 유성구 관평2로 26,127.3895808,36.42428421
MA010120220809621816,달빛,카페,유성구,학하동,대전광역시 유성구 덕명로81번길 20,127.3080511,36.3579529
MA010120220805509232,산뜨레,카페,유성구,진잠동,대전광역시 유성구 진잠로141번길 33-6,127.3164055,36.30521206
MA010120220814330296,토프레소,카페,유성구,노은2동,대전광역시 유성구 북유성대로488번길 160,127.322472,36.41826627
MA010120220809820018,리썸,카페,유성구,노은2동,대전광역시 유성구 노은서로266번길 61,127.3205413,36.38256714
MA010120220805898041,카페인중독,카페,유성구,온천1동,대전광역시 유성구 유성대로694번길 122,127.3381806,36.35349171
MA010120220808789298,빈스페이스,카페,유성구,신성동,대전광역시 유성구 유성대로1312번길 83,127.367597,36.4018518
MA010120220805938495,디저트39,카페,유성구,원신흥동,대전광역시 유성구 계룡로 150,127.3468851,36.35179057
MA010120220802741766,읍천리382,카페,유성구,관평동,대전광역시 유성구 관들2길 8-2,127.390485,36.42447951
MA010120220814183360,카페니치,카페,유성구,학하동,대전광역시 유성구 수통골로55번길 88,127.2935662,36.34879736
MA010120220808489440,디에떼에스프레소,카페,유성구,온천1동,대전광역시 유성구 온천북로59번길 38,127.350077,36.35804443
MA010120220800892265,오늘커피,카페,유성구,노은2동,대전광역시 유성구 노은동로240번길 49,127.3199963,36.38283896
MA010120220805339304,무인카페,카페,유성구,온천1동,대전광역시 유성구 유성대로654번길 111,127.3351393,36.35094094
MA010120220811975508,카페두란노,카페,유성구,노은2동,대전광역시 유성구 노은서로 211,127.3150766,36.37887787
MA010120220805096239,진심이닿다,카페,유성구,노은3동,대전광역시 유성구 지족북로66번길 45-14,127.3072348,36.38836961
MA010120220813431464,에떼,카페,유성구,관평동,대전광역시 유성구 테크노3로 65,127.3907769,36.42932682
MA010120220809904693,빽다방탑립,카페,유성구,관평동,대전광역시 유성구 테크노10로 31,127.4107379,36.41655342
MA010120220805492359,소소림,카페,유성구,학하동,대전광역시 유성구 동서대로 184-45,127.2943417,36.34763293
MA010120220806307614,컴포즈커피대전,카페,유성구,노은3동,대전광역시 유성구 반석로 14,127.3129667,36.39190534
MA010120220806236393,읍천리382,카페,유성구,온천1동,대전광역시 유성구 계룡로 92,127.340598,36.35346682
MA010120220810010566,연하커피,카페,유성구,전민동,대전광역시 유성구 전민로58번길 62,127.4036609,36.3977522
MA010120220813183762,레몬트리,카페,유성구,학하동,대전광역시 유성구 학하서로121번길 55-13,127.2980591,36.34969643
MA010120220810364426,에클레시아,카페,유성구,원신흥동,대전광역시 유성구 원신흥남로41번길 19-12,127.3368446,36.33561613
MA010120220806228600,드롭탑,카페,유성구,관평동,대전광역시 유성구 테크노1로 12-14,127.3877164,36.43057139
MA010120220806892290,오늘도,카페,유성구,학하동,대전광역시 유성구 학하중앙로160번길 12,127.3092928,36.3395116
MA010120220808145253,카페니치,카페,유성구,학하동,대전광역시 유성구 학하중앙로 5,127.2973323,36.34898631
MA010120220802900491,대추나무카페,카페,유성구,온천1동,대전광역시 유성구 동서대로5번길 47-12,127.307911,36.35916083
MA010120220812270418,밀라드커피로스터즈,카페,유성구,신성동,대전광역시 유성구 유성대로1184번길 11-16,127.3528588,36.39426336
MA010120220814036278,빽다방대전,카페,유성구,학하동,대전광역시 유성구 학하서로121번길 45-2,127.2988496,36.3495773
MA010120220806233559,이디야커피충대,카페,유성구,온천2동,대전광역시 유성구 한밭대로 404,127.3441442,36.36183759
MA010120220800610118,더카페,카페,유성구,온천1동,대전광역시 유성구 계룡로 119,127.3440417,36.35374533
MA010120220812675168,땡스러브커피,카페,유성구,학하동,대전광역시 유성구 학하남로 7,127.3035218,36.34209476
MA010120220813517881,디에떼에스프레소신성,카페,유성구,신성동,대전광역시 유성구 가정로89번길 8,127.3532443,36.38584529
MA010120220810372466,설빙,카페,유성구,관평동,대전광역시 유성구 테크노4로 105,127.3897642,36.42529292
MA010120220807761734,카페오쉐르,카페,유성구,학하동,대전광역시 유성구 학산로 17,127.300296,36.33747986
MA010120220805174557,리틀리커피,카페,유성구,신성동,대전광역시 유성구 대덕대로989번길 111,127.3749793,36.42558358
MA010120220808135004,예이제448,카페,유성구,노은2동,대전광역시 유성구 북유성대로487번길 37,127.302083,36.40503637
MA010120220806220887,예다,카페,유성구,신성동,대전광역시 유성구 신성남로 61-6,127.3507777,36.38755577
MA010120220811749300,밀리카페,카페,유성구,신성동,대전광역시 유성구 자운로 220-1,127.3519215,36.41133424
MA010120220806910398,아이캔커피,카페,유성구,온천2동,대전광역시 유성구 문화원로10번길 71,127.3388181,36.35922138
MA010120220811805761,탐앤탐스대전,카페,유성구,온천2동,대전광역시 유성구 대학로 291,127.356987,36.36828835
MA010120220813160946,달달토끼,카페,유성구,진잠동,대전광역시 유성구 진잠로160번길 22,127.3193577,36.30289718
MA010120220805774789,더카페지오,카페,유성구,학하동,대전광역시 유성구 학하서로121번길 39-3,127.2993047,36.34912557
MA010120220810215577,카페그랑주대덕비즈,카페,유성구,신성동,대전광역시 유성구 대덕대로 593,127.3781337,36.38619265
MA010120220800088157,카페셀라,카페,유성구,학하동,대전광역시 유성구 학하복용서로 19,127.3084329,36.3389551
MA010120220814375226,디에떼에스프레소,카페,유성구,신성동,대전광역시 유성구 과학로 80-67,127.3705293,36.37846641
MA010120220807160156,투썸플레이스,카페,유성구,온천2동,대전광역시 유성구 대학로 87,127.3438858,36.3613517
MA010120220813804967,카페마음,카페,유성구,신성동,대전광역시 유성구 엑스포로151번길 19,127.3953806,36.37615184
MA010120220806255016,초원미래나눔,카페,유성구,노은1동,대전광역시 유성구 은구비서로24번길 60,127.3208662,36.3748252
MA010120220812302068,차앤쿡,카페,유성구,전민동,대전광역시 유성구 유성대로1689번길 8-5,127.3973306,36.40019757
MA010120220806370457,폴인더풀,카페,유성구,온천2동,대전광역시 유성구 어은로42번길 3,127.3580089,36.36271604
MA010120220812603522,엠투에프앤비,카페,유성구,온천1동,대전광역시 유성구 유성대로680번길 64,127.3340242,36.35329613
MA010120220805407683,카페-세라미카,카페,유성구,온천2동,대전광역시 유성구 문화원로 53,127.3418742,36.35996966
MA010120220812834066,카페아라,카페,유성구,진잠동,대전광역시 유성구 원내로 27,127.3188783,36.30000566
MA010120220811700240,3커피스엔로스터리,카페,유성구,진잠동,대전광역시 유성구 진잠로150번길 12,127.3181894,36.30307152
MA010120220811878311,지오,카페,유성구,학하동,대전광역시 유성구 학하서로121번길 140,127.2985899,36.34865875
MA010120220803224954,카페끝,카페,유성구,온천2동,대전광역시 유성구 월드컵대로51번길 53-30,127.3296153,36.36190559
MA010120220805442960,야베스,카페,유성구,온천1동,대전광역시 유성구 온천로 45,127.3433838,36.35613534
MA010120220802938774,이든커피,카페,유성구,노은2동,대전광역시 유성구 송림로54번길 99,127.3242912,36.38648613
MA010120220802989738,아미띠에유성,카페,유성구,온천1동,대전광역시 유성구 온천로107번길 15,127.3497291,36.35499047
MA010120220805171647,춘하에스프레소,카페,유성구,학하동,대전광역시 유성구 수통골로 21,127.2923845,36.34557404
MA010120220802374001,이디야,카페,유성구,온천1동,대전광역시 유성구 계룡로 92,127.340598,36.35346682
MA010120220813951874,블랙노트커피로스터스,카페,유성구,신성동,대전광역시 유성구 신성로61번안길 23,127.3486735,36.39056283
MA010120220804982967,카페메누하,카페,유성구,온천1동,대전광역시 유성구 계룡로52번길 48,127.3357388,36.35305702
MA010120220813769910,하우어,카페,유성구,온천2동,대전광역시 유성구 대학로75번길 17,127.3426207,36.35997653
MA010120220813325515,오미쑤,카페,유성구,노은1동,대전광역시 유성구 은구비로 44,127.3198558,36.37572908
MA010120220810598418,카페드림카이스트기계공,카페,유성구,온천2동,대전광역시 유성구 대학로 291,127.356987,36.36828835
MA010120220806229873,다래,카페,유성구,온천1동,대전광역시 유성구 동서대로5번길 21-15,127.3064542,36.35985848
MA010120220808414237,봉달쥬스,카페,유성구,상대동,대전광역시 유성구 월드컵대로316번길 39,127.3354096,36.3464343
MA010120220803115894,아이엠일리터,카페,유성구,학하동,대전광역시 유성구 학하서로121번길 19,127.2998813,36.34843022
MA010120220811918006,엔제리너스대전,카페,유성구,신성동,대전광역시 유성구 유성대로1184번길 11-9,127.352223,36.39415709
MA010120220813291243,할리스커피,카페,유성구,신성동,대전광역시 유성구 유성대로1184번길 18,127.3525427,36.39336312
MA010120220813698234,카페민트,카페,유성구,온천1동,대전광역시 유성구 온천북로 7,127.3440581,36.35746714
MA010120220803580634,은구비로커피로스터즈,카페,유성구,노은1동,대전광역시 유성구 은구비서로24번길 25,127.3221127,36.37444335
MA010120220807822784,브리드커피2호,카페,유성구,학하동,대전광역시 유성구 동서대로 125,127.3010504,36.35115785
MA010120220802647541,카페리노마레,카페,유성구,진잠동,대전광역시 유성구 진잠로145번길 4,127.317559,36.30411857
MA010120220806935996,꽃나래허브,카페,유성구,온천2동,대전광역시 유성구 어은로 42,127.3576947,36.36223035
MA010120220814351024,디에떼에스프레소갑동점,카페,유성구,노은1동,대전광역시 유성구 현충원로 165,127.2897894,36.36073816
MA010120220807737940,더함,카페,유성구,학하동,대전광역시 유성구 동서대로 181,127.2959507,36.34598881
MA0101202503A0055279,뜨레돌체,카페,유성구,상대동,대전광역시 유성구 월드컵대로290번길 20,127.3316159,36.34758938
MA0101202502A0077674,커피당번,카페,유성구,구즉동,대전광역시 유성구 봉산로12번길 22,127.3891799,36.43557709
MA0101202503A0030013,첼로,카페,유성구,상대동,대전광역시 유성구 복용동로 145-1,127.3308099,36.3387781
MA0101202504A0032680,볼트빈대전,카페,유성구,온천1동,대전광역시 유성구 계룡로 84,127.3398758,36.35391045
MA0101202503A0009090,제이송,카페,유성구,원신흥동,대전광역시 유성구 원신흥남로42번길 19-31,127.3392699,36.33751076
MA0101202503A0014662,카페달링,카페,유성구,온천2동,대전광역시 유성구 문화원로6번길 87-14,127.3385795,36.35814064
MA0101202503A0074504,리틀타운커피스탠드,카페,유성구,온천2동,대전광역시 유성구 어은로42번길 25,127.3589249,36.36323598
MA0101202503A0064613,하루;커피,카페,유성구,온천2동,대전광역시 유성구 문화원로47번길 3,127.3412739,36.36026876
MA0101202503A0070571,이디야커피대전,카페,유성구,신성동,대전광역시 유성구 대덕대로 594,127.379024,36.38591046
MA0101202503A0038925,블랙앤화이트,카페,유성구,상대동,대전광역시 유성구 유성대로 510,127.3214527,36.34131792
MA0101202502A0075124,우지커피,카페,유성구,노은1동,대전광역시 유성구 은구비남로33번길 48,127.3195274,36.3744503
MA0101202502A0112858,모드니,카페,유성구,노은3동,대전광역시 유성구 반석로 132,127.3005081,36.38977452
MA0101202502A0104671,에벤에셀카페,카페,유성구,노은3동,대전광역시 유성구 지족북로6번길 1,127.3038271,36.38625156
MA0101202502A0028875,링크에프엔비,카페,유성구,신성동,대전광역시 유성구 대덕대로 776,127.3754454,36.39961953
MA0101202502A0002512,뚜아떼커피,카페,유성구,신성동,대전광역시 유성구 유성대로1184번길 5-12,127.3522804,36.39453542
MA0101202502A0053265,커피인터뷰,카페,유성구,노은3동,대전광역시 유성구 반석로142번길 15-7,127.2985683,36.38965323
MA0101202505A0060532,메가엠지씨커피대전,카페,유성구,구즉동,대전광역시 유성구 구즉로 25,127.3818951,36.43285207
MA0106202201A2364978,대전유성구청,카페,유성구,온천2동,대전광역시 유성구 어은로 42,127.3576947,36.36223035
MA0106202201A0908412,투썸플레이스,카페,유성구,원신흥동,대전광역시 유성구 원신흥남로12번길 38-13,127.3405981,36.33303713
MA0106202201A0908410,투썸플레이스,카페,유성구,진잠동,대전광역시 유성구 도안북로 85-31,127.3375515,36.33164895
MA0106202201A1539586,뼈다방,카페,유성구,온천2동,대전광역시 유성구 대학로75번길 17,127.3426207,36.35997653
MA0106202201A2364603,신세계대전R,카페,유성구,신성동,대전광역시 유성구 대덕대로 480,127.3872033,36.37662921
MA0106202507A1611274,커피유성대로,카페,유성구,신성동,대전광역시 유성구 유성대로 1225,127.3544564,36.39751185
MA0106202507A0382979,컴포즈커피 대전신성자운대점,카페,유성구,신성동,대전광역시 유성구 유성대로1184번길 14,127.3521872,36.39363452
MA0106202507A2138650,루온토,카페,유성구,학하동,대전광역시 유성구 수통골로71번길 37,127.2911654,36.34727123
MA0106202201A2364290,대전현대아울렛,카페,유성구,관평동,대전광역시 유성구 테크노중앙로 123,127.3985194,36.42343465
MA0106202201A0429586,해이커피,카페,유성구,노은3동,대전광역시 유성구 지족로 369,127.3173498,36.38705449
MA0106202201A2364015,대전관평동,카페,유성구,관평동,대전광역시 유성구 테크노중앙로 68,127.3926308,36.42545475
MA0106202210A2420669,카페테라스,카페,유성구,노은3동,대전광역시 유성구 지족동로142번길 19,127.3096916,36.38676819
MA0106202302A0413738,해이커피웰니스,카페,유성구,온천1동,대전광역시 유성구 온천동로 15,127.3485862,36.35351588
MA0106202404A0587056,예픔커피신세계,카페,유성구,신성동,대전광역시 유성구 엑스포로 1,127.3821808,36.37505932
MA0106202207A0046098,엔제리너스대전유성D/I점,카페,유성구,온천1동,대전광역시 유성구 한밭대로492번길 15,127.353312,36.35891806
MA0106202210A0978506,이디야대전구암동점,카페,유성구,온천1동,대전광역시 유성구 현충원로347번길 54,127.3077621,36.36097258
MA0106202208A2406044,대전유성NC,카페,유성구,온천1동,대전광역시 유성구 계룡로 119,127.3440417,36.35374533
MA0106202501A0500019,대전문지,카페,유성구,전민동,대전광역시 유성구 문지로299번길 56,127.4054949,36.39245613
MA0106202501A0500154,대전송강,카페,유성구,구즉동,대전광역시 유성구 봉산로 1,127.3881916,36.43419252
MA0106202506A1418147,폴레폴레,카페,유성구,온천1동,대전광역시 유성구 온천로 63,127.344929,36.35535588
MA0106202507A2175708,읍천리382 노은점,카페,유성구,노은1동,대전광역시 유성구 은구비남로33번길 5,127.3190069,36.37253219
MA0106202507A1291533,빽다방 유성리베라점,카페,유성구,온천1동,대전광역시 유성구 계룡로 64,127.3377828,36.35424982
MA0106202412A0584754,커피니대전육군대학점,카페,유성구,신성동,대전광역시 유성구 자운로 222,127.3542001,36.41471589
MA0106202507A2057184,메가엠지씨커피 대전탑립테크노점,카페,유성구,관평동,대전광역시 유성구 테크노10로 31,127.4107379,36.41655342
MA0106202201A2364930,신세계대전B1,카페,유성구,신성동,대전광역시 유성구 대덕대로 480,127.3872033,36.37662921
MA0106202201A0429587,해이커피,카페,유성구,노은2동,대전광역시 유성구 노은로 150,127.3184068,36.37293932
MA0106202201A1049497,커피팩토리일산대전인재개발원점,카페,유성구,전민동,대전광역시 유성구 유성대로1689번길 125,127.3941879,36.40699376
MA0106202201A2364618,대전구암DT,카페,유성구,온천1동,대전광역시 유성구 월드컵대로289번길 6,127.3326684,36.3488481
MA0101202505A0043759,하리그룹,카페,유성구,온천1동,대전광역시 유성구 문화원로 77,127.3444565,36.35938549
MA0101202505A0016752,유누커피,카페,유성구,온천1동,대전광역시 유성구 계룡로 68,127.3384076,36.35447335
MA0106202201A0010038,오가다,카페,유성구,온천2동,대전광역시 유성구 대학로 291,127.356987,36.36828835
MA0106202201A2364940,대전지족,카페,유성구,노은3동,대전광역시 유성구 지족로 373,127.31754,36.38722521
MA0106202201A0977102,할리스커피대전호텔아이시시점,카페,유성구,신성동,대전광역시 유성구 엑스포로123번길 55,127.3927773,36.37701654
MA0106202201A2364882,대전반석역,카페,유성구,노은3동,대전광역시 유성구 북유성대로 303,127.3142475,36.39163163
MA0101202505A0023002,빽다방대전,카페,유성구,노은2동,대전광역시 유성구 지족로 374,127.3178832,36.38665655
MA0106202201A2364902,대전노은,카페,유성구,노은2동,대전광역시 유성구 은구비남로33번길 26,127.3195568,36.37347695
MA0106202201A2364470,대전엑스포스카이,카페,유성구,신성동,대전광역시 유성구 대덕대로 480,127.3872033,36.37662921
MA0101202505A0004719,카페하늬,카페,유성구,온천1동,대전광역시 유성구 유성대로680번길 38,127.3327444,36.35362412
MA0101202505A0069703,번개커피,카페,유성구,온천2동,대전광역시 유성구 문화원로14번길 57,127.3388977,36.35958162
MA010120220812567327,카페나무,카페,유성구,온천1동,대전광역시 유성구 현충원로447번길 6,127.3207938,36.35991998
MA010120220802420803,이브릭스,카페,유성구,노은1동,대전광역시 유성구 은구비서로23번길 8-19,127.3200988,36.37519674
MA010120220802507739,오시온,카페,유성구,학하동,대전광역시 유성구 동서대로 125,127.3010504,36.35115785
MA010120220809997813,제이유,카페,유성구,온천2동,대전광역시 유성구 한밭대로 458,127.3497619,36.35982067
MA010120220808742158,디에떼에스프레소한국에너지기술연구원점,카페,유성구,신성동,대전광역시 유성구 가정로 152,127.3590109,36.38438623
MA010120220812571657,커피가,카페,유성구,관평동,대전광역시 유성구 엑스포로539번길 223,127.3951367,36.40942378
MA0101202501A0035543,비바에이,카페,유성구,신성동,대전광역시 유성구 대덕대로 944,127.3786313,36.41295575
MA0101202411A0070039,카페윤슬,카페,유성구,진잠동,대전광역시 유성구 성북로 28,127.3082219,36.28535329
MA0101202412A0076974,마린팝,카페,유성구,노은1동,대전광역시 유성구 노은로 151,127.3173725,36.37343772
MA0101202501A0037431,오오커피,카페,유성구,관평동,대전광역시 유성구 테크노11로 20,127.4091753,36.41624337
MA0101202411A0056898,달달콩,카페,유성구,온천1동,대전광역시 유성구 유성대로654번길 125,127.3358519,36.35084882
MA0101202411A0130353,042커피,카페,유성구,노은3동,대전광역시 유성구 북유성대로 303,127.3142475,36.39163163
MA0101202412A0025553,저글커피바유성엔씨점,카페,유성구,온천1동,대전광역시 유성구 계룡로 119,127.3440417,36.35374533
MA0101202412A0039442,파스쿠찌정안상,카페,유성구,신성동,대전광역시 유성구 엑스포로123번길 27-22,127.3922829,36.37621612
MA0101202412A0062726,디저트39,카페,유성구,관평동,대전광역시 유성구 관평2로 26,127.3895808,36.42428421
MA0101202412A0007401,카페풀케르,카페,유성구,관평동,대전광역시 유성구 관용로31번길 37,127.3816966,36.41735269
MA0101202412A0018463,챔프스페이스,카페,유성구,관평동,대전광역시 유성구 테크노중앙로 123,127.3985194,36.42343465
MA0101202412A0040490,한식브런치파티룸대여카페온쉼,카페,유성구,학하동,대전광역시 유성구 학산로 59,127.2987045,36.33783531
MA0101202412A0058469,카페다람,카페,유성구,전민동,대전광역시 유성구 문지로316번길 38-19,127.4095232,36.39543427
MA0101202412A0065183,메가엠지씨커피대전,카페,유성구,학하동,대전광역시 유성구 수통골로 65,127.2915633,36.34644118
MA0101202412A0005024,샌디커피,카페,유성구,온천1동,대전광역시 유성구 계룡로141번길 30-1,127.346828,36.35398961
MA0101202412A0026537,아와케이커리,카페,유성구,원신흥동,대전광역시 유성구 원신흥남로42번길 5-25,127.3383887,36.33722488
MA0101202412A0036393,카페게이트대전,카페,유성구,상대동,대전광역시 유성구 도안대로 511-13,127.3392718,36.34565739
MA0101202411A0014318,오늘주스,카페,유성구,전민동,대전광역시 유성구 엑스포로 488,127.4057013,36.39998919
MA0101202411A0113899,카페투비,카페,유성구,전민동,대전광역시 유성구 엑스포로 488,127.4057013,36.39998919
MA0101202411A0026196,포트캔커피,카페,유성구,온천1동,대전광역시 유성구 계룡로52번길 47,127.3360397,36.35306519
MA0101202411A0024286,메가엠지씨커피대전학하,카페,유성구,학하동,대전광역시 유성구 학하남로 9,127.3033762,36.34190588
MA0101202411A0038706,파리의아침,카페,유성구,노은2동,대전광역시 유성구 은구비로 155,127.3255622,36.38123786
MA0101202411A0024936,스프링벅커피,카페,유성구,관평동,대전광역시 유성구 테크노4로 98-8,127.3891792,36.42649337
MA0101202411A0105787,브레인짐,카페,유성구,노은3동,대전광역시 유성구 지족로 299,127.3097525,36.38806572
MA0101202411A0180292,대전광역시장애인재활협회건강카페대전시립박물관점,카페,유성구,상대동,대전광역시 유성구 도안대로 398,127.3353463,36.33685496
MA0101202411A0142290,카페플랑,카페,유성구,노은3동,대전광역시 유성구 지족북로 72,127.3068261,36.3893259
MA0106202201A2364833,대전전민,카페,유성구,전민동,대전광역시 유성구 유성대로 1722,127.400515,36.39945698
MA0106202201A2363514,대전도안DT,카페,유성구,온천1동,대전광역시 유성구 도안대로 573,127.3401656,36.35139535
MA0106202201A0997567,사파블루,카페,유성구,신성동,대전광역시 유성구 대덕대로512번길 20,127.3794886,36.37831212
MA0106202201A2363856,대전테크노밸리,카페,유성구,관평동,대전광역시 유성구 테크노4로 105,127.3897642,36.42529292
MA0106202201A2364505,대전유성,카페,유성구,온천1동,대전광역시 유성구 온천서로 2,127.3395666,36.35455117
MA0106202201A0604679,할리스에프앤비,카페,유성구,원신흥동,대전광역시 유성구 도안동로 488,127.348393,36.34767682
MA0106202201A2364332,대전조이마루,카페,유성구,신성동,대전광역시 유성구 엑스포로97번길 40,127.3904671,36.37634824
MA0101202504A0072753,물한모금,카페,유성구,상대동,대전광역시 유성구 복용동로 35,127.3203268,36.33839211
MA0106202201A2363972,충남대정문,카페,유성구,온천2동,대전광역시 유성구 대학로 82,127.3446405,36.36067364
MA0101202504A0031996,플레어커피,카페,유성구,온천2동,대전광역시 유성구 죽동로280번길 60,127.3378204,36.37070516
MA0101202505A0051797,해이커피,카페,유성구,신성동,대전광역시 유성구 엑스포로97번길 40,127.3904671,36.37634824
MA0101202504A0055773,일인칭,카페,유성구,원신흥동,대전광역시 유성구 원신흥남로42번길 11-10,127.3390874,36.336538
MA0101202504A0042883,이디야커피대전신,카페,유성구,신성동,대전광역시 유성구 신성로 97,127.3501388,36.39172105
MA0101202504A0114867,카페1983,카페,유성구,온천1동,대전광역시 유성구 온천로 45,127.3433838,36.35613534
MA0101202504A0088333,빽다방대전지족역사점,카페,유성구,노은2동,대전광역시 유성구 노은로 273,127.3194888,36.38408393
MA0101202504A0105011,리프레시보울,카페,유성구,신성동,대전광역시 유성구 자운로221번길 120-10,127.3397564,36.41356832
MA0101202504A0085948,카페데헷,카페,유성구,노은2동,대전광역시 유성구 노은동로 234,127.3196083,36.38062311
MA0101202503A0011785,윅스커피,카페,유성구,온천1동,대전광역시 유성구 계룡로74번길 42,127.3382775,36.35273445
MA0101202503A0018989,그린플레임커피,카페,유성구,전민동,대전광역시 유성구 전민로 10,127.403844,36.39651698
MA0101202504A0092426,파리크라상파스쿠찌센트로대전DT,카페,유성구,원신흥동,대전광역시 유성구 도안동로 488,127.348393,36.34767682
MA0101202503A0017198,감성커피,카페,유성구,구즉동,대전광역시 유성구 봉산로 15,127.3874706,36.43497887
MA010120220805116122,할리스커피대전,카페,유성구,전민동,대전광역시 유성구 문지로299번길 94-19,127.4063504,36.39405731
MA010120220806233400,달콩,카페,유성구,온천1동,대전광역시 유성구 문화원로 140,127.35118,36.35803218
MA010120220808527514,카운티스카페,카페,유성구,노은1동,대전광역시 유성구 노은서로 124,127.3155649,36.37009915
MA0101202411A0076520,스텔라,카페,유성구,원신흥동,대전광역시 유성구 봉명서로 49-1,127.3415604,36.34680438
MA0101202411A0044322,보노,카페,유성구,온천1동,대전광역시 유성구 계룡로26번길 41,127.3332807,36.3539831
MA0101202411A0060700,낭만과순정,카페,유성구,온천1동,대전광역시 유성구 유성대로710번길 80,127.3359421,36.35627364
MA0101202411A0096764,투썸플레이스,카페,유성구,신성동,대전광역시 유성구 신성로 119,127.3517512,36.39333842
MA0101202411A0129503,조이필드,카페,유성구,노은3동,대전광역시 유성구 반석로 16,127.3126655,36.39184305
MA0101202411A0083823,십이월,카페,유성구,노은1동,대전광역시 유성구 노은서로76번길 31,127.3145513,36.36744336
MA0101202411A0047153,미들커피랩미들슬로우,카페,유성구,전민동,대전광역시 유성구 문지로316번길 54-16,127.4093811,36.39595743
MA0101202411A0069555,카페리프,카페,유성구,노은1동,대전광역시 유성구 은구비서로 35,127.3204894,36.37533988
MA0101202411A0033674,커피포터,카페,유성구,전민동,대전광역시 유성구 전민로34번길 63,127.4011162,36.39931979
MA0101202411A0013315,카페로그인,카페,유성구,관평동,대전광역시 유성구 테크노3로 60,127.3894108,36.43044872
MA0101202411A0091259,아이리스,카페,유성구,노은1동,대전광역시 유성구 노은동로79번길 6,127.3230437,36.36782623
MA0101202411A0000989,커피피닉스,카페,유성구,노은1동,대전광역시 유성구 노은서로142번길 28,127.3162246,36.37340471
MA0101202411A0074813,미들슬로우,카페,유성구,온천2동,대전광역시 유성구 농대로15번길 3,127.3529009,36.36163181
MA0101202411A0123108,카페니치,카페,유성구,온천2동,대전광역시 유성구 농대로8번길 7,127.3543271,36.36164561
MA0101202411A0023812,플러스82대전,카페,유성구,온천1동,대전광역시 유성구 계룡로46번길 24,127.3354876,36.35422925
MA0101202411A0080846,달보드레,카페,유성구,진잠동,대전광역시 유성구 대정로28번길 14,127.3207853,36.31438344
MA0101202411A0004086,커피포레,카페,유성구,구즉동,대전광역시 유성구 와룡로174번길 18-3,127.3835305,36.44110147
MA0101202411A0017390,커피볶는집아르떼에스프레소,카페,유성구,온천1동,대전광역시 유성구 계룡로60번길 10,127.3372153,36.35442265
MA0101202502A0069750,카페에스티퍼스트,카페,유성구,온천2동,대전광역시 유성구 대학로81번길 59,127.3416051,36.36212424
MA0101202501A0018993,와요커피대전상,카페,유성구,상대동,대전광역시 유성구 상대복용로29번길 9-17,127.3335632,36.33662564
MA0101202502A0000417,태희갤러리카페,카페,유성구,온천2동,대전광역시 유성구 유성대로821번길 4-1,127.3379868,36.36537875
MA0101202501A0066827,메저커피,카페,유성구,신성동,대전광역시 유성구 신성로83번길 15,127.3488763,36.39104887
MA0101202502A0090910,빽다방,카페,유성구,온천2동,대전광역시 유성구 대학로 86,127.3447759,36.36107878
MA0101202502A0045732,시티파머스,카페,유성구,온천2동,대전광역시 유성구 대학로 195,127.3548482,36.36108534
MA0101202501A0055676,메가엠지씨커피,카페,유성구,관평동,대전광역시 유성구 테크노4로 119,127.389,36.42409686
MA0101202501A0006236,카페.솔,카페,유성구,원신흥동,대전광역시 유성구 봉명서로 17-4,127.3415378,36.344164
MA0101202501A0007590,또바기다은,카페,유성구,전민동,대전광역시 유성구 엑스포로 453,127.4045926,36.3968659
MA0101202501A0029621,카페난다,카페,유성구,노은1동,대전광역시 유성구 노은동로87번길 47-8,127.3205711,36.36808522
MA0101202502A0038741,컴포즈커피대전용산호반써밋점,카페,유성구,관평동,대전광역시 유성구 배울1로 132,127.3940125,36.41642053
MA0101202501A0004045,동경커피,카페,유성구,원신흥동,대전광역시 유성구 원신흥남로11번길 32-6,127.3363691,36.3338061
MA0101202502A0011926,워킹베어,카페,유성구,노은3동,대전광역시 유성구 지족북로66번길 17,127.3067119,36.38861427
MA0101202501A0002890,피플러스,카페,유성구,관평동,대전광역시 유성구 관용로31번길 14,127.3813794,36.41632637
MA0101202501A0067277,감자먹는사람들,카페,유성구,신성동,대전광역시 유성구 신성로68번길 41,127.3495643,36.38787474
MA0101202501A0003987,블루샥,카페,유성구,노은1동,대전광역시 유성구 은구비남로33번길 32,127.3195243,36.37369332
MA0101202501A0061391,카페보스대전,카페,유성구,온천2동,대전광역시 유성구 대학로151번길 21,127.3500152,36.3616403
MA0101202501A0018046,별카페,카페,유성구,온천1동,대전광역시 유성구 유성대로694번길 33,127.3336637,36.35497332
MA0101202502A0014817,메가엠지씨커피대전둔곡지구점,카페,유성구,구즉동,대전광역시 유성구 과학지원로 16,127.360735,36.45355448
MA0101202501A0035090,백억커피대전용산,카페,유성구,관평동,대전광역시 유성구 배울1로 122,127.393111,36.4167299
MA0101202502A0012945,메가엠지씨커피대전아이파크시티점,카페,유성구,상대동,대전광역시 유성구 상대복용로29번길 52,127.3297009,36.33727619
MA0101202501A0030296,플러스82,카페,유성구,노은1동,대전광역시 유성구 은구비서로 13,127.3204702,36.37337538
MA010120220808071723,디에떼에스프레소카이스트,카페,유성구,전민동,대전광역시 유성구 문지로 193,127.3992973,36.39459476
MA010120220806219779,호사,카페,유성구,관평동,대전광역시 유성구 관들2길 27,127.3910913,36.4253066
MA010120220806190885,카페사보르,카페,유성구,전민동,대전광역시 유성구 유성대로1707번길 13,127.3983212,36.39990589
MA010120220805310753,카르페디엠,카페,유성구,원신흥동,대전광역시 유성구 계룡로132번길 10,127.3445587,36.35223888
MA010120220812281233,놀숲,카페,유성구,온천2동,대전광역시 유성구 한밭대로 400,127.3438442,36.3620277
MA010120220811800289,코삼이카페,카페,유성구,노은1동,대전광역시 유성구 왕가봉로2번길 82,127.3165591,36.36520314
MA010120220806249973,건강카페유성구장애인종합복지관점,카페,유성구,노은2동,대전광역시 유성구 북유성대로 166,127.3233674,36.38141504
MA010120220812797530,이디야,카페,유성구,전민동,대전광역시 유성구 전민로58번길 55,127.4033943,36.39793333
MA010120220811760781,아이엠일리터,카페,유성구,온천2동,대전광역시 유성구 대학로151번길 26,127.3503057,36.3618377
MA010120220811485048,라노보계산동,카페,유성구,학하동,대전광역시 유성구 진잠옛로 71,127.3113779,36.32604257
MA010120220804594558,코나71,카페,유성구,신성동,대전광역시 유성구 자운로 90,127.3541891,36.40000888
MA0101202406A0317485,아이엠일리터,카페,유성구,전민동,대전광역시 유성구 문지로299번길 131,127.4066841,36.39393001
MA0101202406A0514411,1994카페,카페,유성구,진잠동,대전광역시 유성구 한우물로 68,127.3254502,36.31150507
MA0101202406A0072676,카페보스,카페,유성구,구즉동,대전광역시 유성구 와룡로 27,127.3831041,36.42924354
MA0101202406A0146458,더네이비,카페,유성구,상대동,대전광역시 유성구 월드컵대로308번길 7-4,127.3345473,36.3479597
MA0101202406A0279631,와야,카페,유성구,온천2동,대전광역시 유성구 대학로 99,127.3420001,36.36836824
MA0101202406A0086102,버터풀앤크리멀러스,카페,유성구,관평동,대전광역시 유성구 테크노중앙로 50,127.39065,36.42627229
MA0101202406A0318072,세이빙,카페,유성구,학하동,대전광역시 유성구 동서대로 125,127.3052496,36.34527152
MA0101202406A0007347,트리플에이커피대전,카페,유성구,진잠동,대전광역시 유성구 동서대로656번길 16-7,127.335433,36.33110519
MA0101202406A0040963,매머드익스프레스대전,카페,유성구,전민동,대전광역시 유성구 문지로299번길 105,127.4054276,36.39451102
MA0101202406A0433898,메가엠지씨커피대전,카페,유성구,학하동,대전광역시 유성구 학하서로121번길 51,127.2987275,36.34969476
MA0101202406A0095661,카페인중독대전,카페,유성구,온천2동,대전광역시 유성구 대학로155번길 2,127.3507803,36.360827
MA0101202406A0113595,유성별,카페,유성구,온천2동,대전광역시 유성구 어은로51번길 39,127.3548413,36.36201357
MA0101202406A0390798,커스텀커피대전,카페,유성구,온천2동,대전광역시 유성구 죽동로297번길 83,127.3384507,36.36957691
MA0101202406A0480222,모찌댕,카페,유성구,구즉동,대전광역시 유성구 금고길 7,127.3823685,36.45887607
MA0101202406A0048208,수상한다락방,카페,유성구,노은1동,대전광역시 유성구 노은로 178,127.3185068,36.3755885
MA0101202406A0052678,카페엠,카페,유성구,관평동,대전광역시 유성구 테크노2로 187,127.4061276,36.42406687
MA0101202406A0071907,컴포즈커피대전둔곡점,카페,유성구,구즉동,대전광역시 유성구 과학지원4길 13,127.360611,36.45327549
MA0101202406A0068411,배러댄,카페,유성구,신성동,대전광역시 유성구 신성남로 87,127.3528109,36.38858613
MA0101202406A0321584,아름드리,카페,유성구,전민동,대전광역시 유성구 아리랑로 24,127.407788,36.37906597
MA0101202406A0173336,레인보우카페,카페,유성구,온천2동,대전광역시 유성구 한밭대로371번길 31,127.3414131,36.36408935
MA0101202406A0024905,행복커피,카페,유성구,온천1동,대전광역시 유성구 유성대로668번길 46,127.3322386,36.35257116
MA0101202406A0525212,줄리엣의편지,카페,유성구,신성동,대전광역시 유성구 대덕대로 649,127.3753814,36.38863448
MA0101202406A0166998,컴포즈커피대전,카페,유성구,전민동,대전광역시 유성구 엑스포로 488,127.4057013,36.39998919
MA0101202406A0484906,카페드프랑스,카페,유성구,원신흥동,대전광역시 유성구 봉명서로 31-1,127.3415418,36.34510121
MA0101202406A0094122,해피넛,카페,유성구,신성동,대전광역시 유성구 가정로 75,127.3518935,36.38534462
MA0101202406A0349423,가배로스터스,카페,유성구,온천2동,대전광역시 유성구 농대로8번길 3,127.3540817,36.36158326
MA0101202406A0190512,메가엠지씨커피대전반석네,카페,유성구,노은3동,대전광역시 유성구 지족로 365,127.3167804,36.38680367
MA0101202406A0238927,라바게트샌드위치&커피,카페,유성구,관평동,대전광역시 유성구 관들5길 15-32,127.3936279,36.42194594
MA0101202406A0049737,카페랑,카페,유성구,온천1동,대전광역시 유성구 유성대로694번길 68,127.3353541,36.35427469
MA0101202409A0121490,빽다방대전노은파로스빌점,카페,유성구,노은1동,대전광역시 유성구 은구비로 18,127.3168464,36.37560193
MA0101202409A0119605,인터뷰커피라운지,카페,유성구,신성동,대전광역시 유성구 대덕대로 606,127.3788962,36.38714547
MA0101202409A0132214,물한모금,카페,유성구,상대동,대전광역시 유성구 복용동로 35,127.3203268,36.33839211
MA0101202409A0179667,메가엠지씨커피유성드림월드점,카페,유성구,온천2동,대전광역시 유성구 문화원로6번길 1,127.3371351,36.3616503
MA0101202409A0059344,더브릿지,카페,유성구,온천2동,대전광역시 유성구 죽동로280번길 24,127.3380828,36.37210124
MA0101202409A0180871,문브런치,카페,유성구,상대동,대전광역시 유성구 상대서로 15,127.3322281,36.33962127
MA0101202409A0134531,텐퍼센트커피,카페,유성구,전민동,대전광역시 유성구 문지로 291,127.4066782,36.39279455
MA0101202409A0132424,커피베이국방과학연구소,카페,유성구,노은2동,대전광역시 유성구 북유성대로488번길 160,127.322472,36.41826627
MA0101202409A0021802,카페위켄드,카페,유성구,노은2동,대전광역시 유성구 지족로364번길 19,127.3179591,36.3861517
MA0101202409A0246215,카페로몬,카페,유성구,온천2동,대전광역시 유성구 문화원로14번길 8,127.337623,36.36111723
MA0101202409A0000582,매머드익스프레스대전DCC점,카페,유성구,신성동,대전광역시 유성구 엑스포로123번길 27-22,127.3922829,36.37621612
MA0101202409A0219223,핑크엄브렐라,카페,유성구,노은3동,대전광역시 유성구 반석동로40번길 38,127.3140452,36.39122663
MA0101202409A0110972,아지트,카페,유성구,학하동,대전광역시 유성구 학하서로 142,127.3022361,36.34665798
MA0101202409A0198433,콩카페대전,카페,유성구,신성동,대전광역시 유성구 엑스포로151번길 19,127.3953806,36.37615184
MA0101202409A0223973,서애,카페,유성구,온천1동,대전광역시 유성구 동서대로5번길 21-16,127.3067325,36.3598037
MA0101202409A0012453,호두과자카페,카페,유성구,전민동,대전광역시 유성구 엑스포로 488,127.4057013,36.39998919
MA0101202409A0250635,빽다방대전아이파크시티점,카페,유성구,상대동,대전광역시 유성구 상대복용로29번길 52,127.3297009,36.33727619
MA0101202409A0016095,무자비커피바,카페,유성구,신성동,대전광역시 유성구 신성로61번안길 19,127.3486061,36.39045489
MA0101202409A0042833,타이밍커피,카페,유성구,노은1동,대전광역시 유성구 은구비서로 9,127.3204683,36.37290677
MA0101202409A0201739,카페마리안,카페,유성구,관평동,대전광역시 유성구 관평천변로 14,127.3946433,36.42209578
MA0101202409A0086231,메가엠지씨커피대덕,카페,유성구,신성동,대전광역시 유성구 대덕대로 588,127.3788882,36.38548734
MA0101202409A0161087,카페요아정대전,카페,유성구,전민동,대전광역시 유성구 유성대로 1744-1,127.4030451,36.3993944
MA0101202409A0107302,빽다방대전,카페,유성구,관평동,대전광역시 유성구 테크노3로 65,127.3907769,36.42932682
MA0101202409A0078080,아이투유,카페,유성구,온천2동,대전광역시 유성구 죽동로279번길 66,127.3402094,36.37169868
MA0101202409A0048194,카페노스,카페,유성구,신성동,대전광역시 유성구 신성남로 99,127.3524587,36.38957846
MA010120220812789794,라드커피,카페,유성구,온천2동,대전광역시 유성구 궁동로14번길 26,127.3487146,36.36232899
MA0101202411A0113511,더슈에뜨디저트,카페,유성구,상대동,대전광역시 유성구 상대동로2번길 27,127.3392971,36.34379189
MA0101202411A0029755,메가엠지씨커피대전,카페,유성구,신성동,대전광역시 유성구 신성로62번길 57,127.3496826,36.38691915
MA010120220811830859,빽다방,카페,유성구,노은1동,대전광역시 유성구 은구비남로33번길 5,127.3190069,36.37253219
MA010120220802862115,카페713,카페,유성구,온천2동,대전광역시 유성구 죽동로280번길 36,127.3375236,36.37164322
MA010120220807151142,어니스트커피,카페,유성구,노은3동,대전광역시 유성구 지족북로66번길 45-21,127.3068569,36.38863192
MA010120220811792603,공차대전,카페,유성구,노은3동,대전광역시 유성구 반석동로 51,127.3113165,36.39176547
MA010120220811285765,라이드더커피,카페,유성구,신성동,대전광역시 유성구 신성남로 127-1,127.3511429,36.39193439
MA010120220809790251,아리,카페,유성구,관평동,대전광역시 유성구 관들1길 8-15,127.388739,36.42544044
MA010120220814137979,농부에프앤비농부커피,카페,유성구,신성동,대전광역시 유성구 신성남로 55,127.3503514,36.38694423
MA010120220808310376,그린브라우니,카페,유성구,신성동,대전광역시 유성구 대덕대로512번길 20,127.3794886,36.37831212
MA0101202406A0027751,구트,카페,유성구,구즉동,대전광역시 유성구 와룡로136번길 94,127.3865725,36.43828003
MA0101202406A0337332,파베커피,카페,유성구,신성동,대전광역시 유성구 엑스포로151번길 19,127.3953806,36.37615184
MA0101202406A0162876,오픈오피스아워즈,카페,유성구,온천2동,대전광역시 유성구 대학로 195,127.3548482,36.36108534
MA0101202406A0081804,스윗니스커피,카페,유성구,온천2동,대전광역시 유성구 궁동로2번길 9-10,127.3481115,36.36199732
MA0101202311A0021062,프루티야,카페,유성구,노은1동,대전광역시 유성구 은구비서로24번길 6,127.3208858,36.37418532
MA0101202406A0244436,카페킹슬리,카페,유성구,관평동,대전광역시 유성구 테크노중앙로 50,127.39065,36.42627229
MA0101202311A0104173,플러스82,카페,유성구,관평동,대전광역시 유성구 배울2로 61,127.39072,36.42242409
MA0101202311A0002634,메가엠지씨커피대전지족,카페,유성구,노은3동,대전광역시 유성구 지족로 283,127.3080571,36.38774568
MA0101202311A0009297,공룡커피,카페,유성구,온천2동,대전광역시 유성구 문화원로6번길 87-20,127.3389027,36.35816676
MA0101202406A0294096,컴포즈커피대전,카페,유성구,온천2동,대전광역시 유성구 대학로151번길 38,127.3503193,36.36237837
MA0101202311A0102090,커피봇,카페,유성구,관평동,대전광역시 유성구 관들3길 77-26,127.3906376,36.42378512
MA0101202311A0096476,카페도드리,카페,유성구,진잠동,대전광역시 유성구 동서대로656번길 16-32,127.3336094,36.33178618
MA0101202406A0262458,온지케이크카페,카페,유성구,온천1동,대전광역시 유성구 온천북로13번길 21,127.3444061,36.3580519
MA0101202406A0288183,카페돌체로,카페,유성구,노은1동,대전광역시 유성구 노은동로79번길 75,127.319165,36.36759333
MA0101202406A0019874,어바우트,카페,유성구,전민동,대전광역시 유성구 문지로316번길 46-16,127.4093457,36.39558807
MA0101202406A0191583,알티비커피,카페,유성구,진잠동,대전광역시 유성구 동서대로656번길 16-12,127.3349014,36.33179158
MA0101202406A0250103,큐식스,카페,유성구,관평동,대전광역시 유성구 관들3길 15-7,127.3902684,36.42354301
MA0101202406A0526126,빽다방대전,카페,유성구,관평동,대전광역시 유성구 용산1로 83,127.3945554,36.41574287
MA0101202406A0169269,라빈,카페,유성구,원신흥동,대전광역시 유성구 원신흥남로41번길 66,127.3365748,36.33502211
MA0101202406A0256944,카페153,카페,유성구,노은3동,대전광역시 유성구 지족로 218-33,127.3040737,36.38374567
MA0101202406A0035404,포시즌베리대전,카페,유성구,관평동,대전광역시 유성구 관들1길 47,127.3894319,36.42574458
MA0101202406A0052900,앤커피스탠드,카페,유성구,전민동,대전광역시 유성구 문지로316번길 53-16,127.4076321,36.39616167
MA0101202406A0524208,퓨어그릭,카페,유성구,온천2동,대전광역시 유성구 장대로80번길 14,127.3355667,36.36226751
MA0101202406A0387177,바나타이거,카페,유성구,노은2동,대전광역시 유성구 은구비남로33번길 56,127.3195179,36.37485585
MA0101202406A0081274,이디야커피,카페,유성구,노은3동,대전광역시 유성구 반석로 7,127.3138794,36.39157852
MA0101202406A0372392,컴포즈커피대전노은역,카페,유성구,노은1동,대전광역시 유성구 노은로 178,127.3185068,36.3755885
MA0101202406A0242228,봉산카페,카페,유성구,구즉동,대전광역시 유성구 구룡달전로 7-11,127.3852793,36.44063624
MA0101202409A0135600,비머스트,카페,유성구,원신흥동,대전광역시 유성구 봉명서로 21-3,127.3413938,36.34435366
MA0101202406A0503513,컴포즈커피,카페,유성구,노은1동,대전광역시 유성구 은구비남로33번길 5,127.3190069,36.37253219
MA0101202409A0197218,눈꽃빙수집,카페,유성구,온천2동,대전광역시 유성구 대학로151번길 46,127.3503203,36.36261267
MA0101202409A0131760,컴포즈커피대전관평,카페,유성구,관평동,대전광역시 유성구 관평2로 56,127.3880978,36.42206317
MA0101202409A0085056,멍클,카페,유성구,원신흥동,대전광역시 유성구 원신흥로55번길 46-22,127.3433671,36.33966188
MA0101202409A0087324,스모어사이트,카페,유성구,학하동,대전광역시 유성구 학하로 98,127.3062387,36.3418355
MA0101202406A0110572,웅크,카페,유성구,원신흥동,대전광역시 유성구 봉명서로 11-9,127.3408333,36.34356222
MA0101202406A0139162,크리미,카페,유성구,구즉동,대전광역시 유성구 봉산로 19,127.3871037,36.43520535
MA0101202406A0070128,커스텀커피,카페,유성구,노은3동,대전광역시 유성구 반석동로 52-16,127.3126216,36.39201439
MA0101202406A0051594,루미에르,카페,유성구,진잠동,대전광역시 유성구 성북로 62,127.3067516,36.2879615
MA0101202406A0354753,앤드류,카페,유성구,학하동,대전광역시 유성구 덕명로97번길 3-19,127.307958,36.35695283
MA0101202406A0160509,미쓰봉,카페,유성구,원신흥동,대전광역시 유성구 도안동로 422,127.3481675,36.34205414
MA0101202406A0156641,메가엠지씨커피대전,카페,유성구,온천2동,대전광역시 유성구 죽동로298번길 10,127.337638,36.36974142
MA0101202406A0068181,레어노트커피,카페,유성구,전민동,대전광역시 유성구 문지로299번길 94-10,127.4057807,36.39383395
MA0101202406A0174738,메가엠지씨커피대전,카페,유성구,전민동,대전광역시 유성구 문지로299번길 123,127.4067088,36.39438952
MA0101202406A0521129,카페소라실,카페,유성구,노은3동,대전광역시 유성구 지족로328번길 14-26,127.3118741,36.38624884
MA0101202406A0410649,반가워요오늘,카페,유성구,노은3동,대전광역시 유성구 지족북로66번길 27,127.3068665,36.38826241
MA0101202406A0305162,인스트로우커피,카페,유성구,노은1동,대전광역시 유성구 노은동로75번길 89,127.3185071,36.36745991
MA0101202406A0526852,카페델디아,카페,유성구,온천2동,대전광역시 유성구 문화원로 8,127.3372907,36.36156875
MA0101202406A0545117,카페스테이인터뷰,카페,유성구,신성동,대전광역시 유성구 엑스포로 1,127.3820584,36.37510477
MA0101202406A0555850,폭스조이카페,카페,유성구,신성동,대전광역시 유성구 엑스포로123번길 65-38,127.3929835,36.3781243
MA0101202406A0031454,컴포즈커피대전지족동점,카페,유성구,노은3동,대전광역시 유성구 지족동로 150,127.3087566,36.38705899
MA0101202406A0485376,울댕카페파쏘북,카페,유성구,관평동,대전광역시 유성구 관용로 52,127.3820067,36.41463919
MA0101202406A0169431,메가엠지씨커피대전,카페,유성구,신성동,대전광역시 유성구 신성로 106,127.3510766,36.39205173
MA0101202406A0396499,아토스커피,카페,유성구,전민동,대전광역시 유성구 전민로58번길 6,127.4006735,36.39777127
MA0101202406A0414383,커피비오씨,카페,유성구,노은1동,대전광역시 유성구 은구비서로24번길 18,127.3215656,36.3741925
MA0101202406A0149102,더벤티,카페,유성구,온천2동,대전광역시 유성구 궁동로18번길 45,127.3498313,36.36287544
MA010120220803439858,카페459,카페,유성구,온천1동,대전광역시 유성구 계룡로74번길 34,127.3383904,36.35305855
MA010120220807056740,아이알씨,카페,유성구,상대동,대전광역시 유성구 유성대로 510,127.3214527,36.34131792
MA010120220814090614,카페봄,카페,유성구,온천2동,대전광역시 유성구 농대로 17,127.3529591,36.36218135
MA010120220811726035,9기압,카페,유성구,원신흥동,대전광역시 유성구 원신흥남로41번길 56,127.3360067,36.33502371
MA0101202309A0024372,리본,카페,유성구,구즉동,대전광역시 유성구 구즉로54번길 35,127.3872732,36.43341149
MA0101202309A0062590,오늘은과일,카페,유성구,온천1동,대전광역시 유성구 유성대로668번길 107,127.3355666,36.35184993
MA0101202309A0031486,마실,카페,유성구,온천1동,대전광역시 유성구 온천로 48,127.3427995,36.35501055
MA0101202309A0034631,카페베이스,카페,유성구,온천1동,대전광역시 유성구 유성대로668번길 40,127.3318266,36.35262637
MA0101202309A0033579,공간by디이레,카페,유성구,노은2동,대전광역시 유성구 은구비로155번길 32-13,127.324697,36.37954601
MA0101202307A0092591,커피하우스혜,카페,유성구,온천2동,대전광역시 유성구 대학로76번길 77-8,127.3485932,36.36009443
MA0101202307A0094851,릴테라스스테이인터뷰,카페,유성구,관평동,대전광역시 유성구 테크노중앙로 123,127.3985194,36.42343465
MA0101202307A0096243,메가엠지씨커피대전,카페,유성구,진잠동,대전광역시 유성구 진잠로78번길 71,127.3199112,36.29938108
MA0101202308A0087620,헤리턴스CAFE,카페,유성구,노은3동,대전광역시 유성구 지족로190번길 39,127.3054814,36.38178654
MA0101202308A0096096,카페소르르,카페,유성구,온천1동,대전광역시 유성구 계룡로105번길 15,127.3425068,36.35431748
MA0101202308A0060109,빽다방대전,카페,유성구,관평동,대전광역시 유성구 테크노중앙로 155,127.4008241,36.42274206
MA0101202308A0048426,카페크림,카페,유성구,온천2동,대전광역시 유성구 궁동로 52,127.3503371,36.36386525
MA0101202308A0048412,디프카페,카페,유성구,신성동,대전광역시 유성구 신성로 58,127.347919,36.3888438
MA0101202308A0093986,헤리턴스Cafe하기점,카페,유성구,노은2동,대전광역시 유성구 노은로 353,127.3220739,36.38935785
MA0101202307A0013211,엔제리너스북카페,카페,유성구,온천2동,대전광역시 유성구 대학로 291,127.3571313,36.36817978
MA0101202308A0078977,백정화,카페,유성구,노은1동,대전광역시 유성구 노은서로 101,127.3142691,36.36930953
MA0101202308A0001248,치키차카초코대전,카페,유성구,온천1동,대전광역시 유성구 대학로 34,127.3430287,36.35646078
MA0101202308A0016667,카페브럿찌,카페,유성구,학하동,대전광역시 유성구 동서대로179번길 28-31,127.2975957,36.34793127
MA0101202308A0034483,그러니까;coffee,카페,유성구,신성동,대전광역시 유성구 신성남로 89,127.3528003,36.38871233
MA0101202308A0030568,크림인,카페,유성구,온천2동,대전광역시 유성구 장대로 67-2,127.3353049,36.36097957
MA0101202308A0061775,파스쿠찌북,카페,유성구,구즉동,대전광역시 유성구 대덕대로 1097,127.3839648,36.42512246
MA0101202308A0079752,디저트랑,카페,유성구,학하동,대전광역시 유성구 학하서로121번길 31-3,127.2995597,36.34880952
MA0101202308A0102157,공명,카페,유성구,온천2동,대전광역시 유성구 유성대로828번길 27,127.3402469,36.36493978
MA0101202307A0027701,빽다방대전둔곡점,카페,유성구,구즉동,대전광역시 유성구 과학도움2길 4,127.3626434,36.45134986
MA0101202306A0086858,투썸플레이스대전,카페,유성구,온천2동,대전광역시 유성구 죽동로297번길 22,127.3378015,36.36889386
MA0101202306A0108775,헤리턴스24,카페,유성구,학하동,대전광역시 유성구 학하중앙로 60,127.3008958,36.34573315
MA0101202306A0029994,헤리턴스24,카페,유성구,전민동,대전광역시 유성구 엑스포로 501,127.4029484,36.40225143
MA0101202307A0048346,메가엠지씨커피대전,카페,유성구,온천2동,대전광역시 유성구 대학로 90,127.3449229,36.36154697
MA0101202306A0107677,미무,카페,유성구,원신흥동,대전광역시 유성구 원신흥로100번길 11-2,127.3474494,36.33837041
MA0101202307A0054974,펙토커피바,카페,유성구,노은1동,대전광역시 유성구 은구비서로 26,127.3207532,36.37444701
MA0101202307A0077802,컵피스,카페,유성구,온천2동,대전광역시 유성구 대학로151번길 22,127.3502937,36.36164849
MA0101202406A0464066,밍글스,카페,유성구,신성동,대전광역시 유성구 신성로62번길 22,127.3484515,36.38827451
MA0101202406A0523974,카페하오,카페,유성구,관평동,대전광역시 유성구 테크노중앙로 40,127.3899269,36.42659907
MA0101202406A0218282,99씨,카페,유성구,관평동,대전광역시 유성구 갑천로 361-17,127.4148741,36.41229463
MA0101202406A0474339,연미당디저트,카페,유성구,관평동,대전광역시 유성구 용산2로 16-1,127.397459,36.42102307
MA0101202406A0446196,카페길,카페,유성구,학하동,대전광역시 유성구 복용남로 43-12,127.3118764,36.34213633
MA0101202406A0303649,빽다방대전신성,카페,유성구,신성동,대전광역시 유성구 유성대로1184번길 5-5,127.3517564,36.39450993
MA0101202406A0421904,초초로,카페,유성구,온천2동,대전광역시 유성구 궁동로18번길 63,127.3509678,36.36287211
MA0101202406A0014755,메가엠지씨커피대전관평,카페,유성구,관평동,대전광역시 유성구 테크노3로 65,127.3907769,36.42932682
MA0101202406A0127144,초록상회,카페,유성구,노은2동,대전광역시 유성구 북유성대로 155,127.3227718,36.3802271
MA0101202406A0464047,커피생각,카페,유성구,노은1동,대전광역시 유성구 노은로 71,127.3172421,36.3660214
MA0101202406A0459981,더카페,카페,유성구,관평동,대전광역시 유성구 관들5길 6,127.392162,36.42313128
MA0101202406A0359791,순분정,카페,유성구,노은3동,대전광역시 유성구 반석동로40번길 78-5,127.3151666,36.39014227
MA0101202406A0524149,카페길우,카페,유성구,노은3동,대전광역시 유성구 지족로349번길 46,127.3169961,36.38778538
MA0101202406A0513903,오브떼르,카페,유성구,온천1동,대전광역시 유성구 월드컵대로351번길 5,127.336346,36.34917124
MA0101202406A0335581,카페바오,카페,유성구,진잠동,대전광역시 유성구 진잠로106번길 86,127.3199965,36.30119223
MA0101202406A0504807,빽다방대전도안갑천레이크점,카페,유성구,원신흥동,대전광역시 유성구 원신흥로 122-11,127.3497839,36.33983252
MA0101202406A0221635,커피라운지,카페,유성구,전민동,대전광역시 유성구 전민로34번길 30,127.401398,36.39775081
MA0101202406A0386806,그린우드커피,카페,유성구,노은1동,대전광역시 유성구 은구비서로24번길 15,127.3213661,36.37444536
MA0101202406A0234713,오구에스프레소바,카페,유성구,온천2동,대전광역시 유성구 어은로58번길 20,127.3576125,36.36374457
MA0101202406A0252433,도노,카페,유성구,신성동,대전광역시 유성구 신성남로 83,127.3527762,36.38830687
MA0101202406A0154678,화정,카페,유성구,구즉동,대전광역시 유성구 구룡달전로 192-7,127.3688332,36.44641056
MA0101202311A0010649,시크릿,카페,유성구,노은1동,대전광역시 유성구 은구비남로7번길 30,127.3168606,36.3736103
MA0101202311A0001957,컴포즈커피대전미건테크노월드점,카페,유성구,관평동,대전광역시 유성구 테크노2로 199,127.407361,36.42325162
MA0101202311A0046315,파랑,카페,유성구,학하동,대전광역시 유성구 학하중앙로67번길 57,127.3052356,36.34452357
MA0101202311A0088845,덴하그,카페,유성구,온천2동,대전광역시 유성구 대학로81번길 32-11,127.3431536,36.36207474
MA0101202311A0015211,유성구직원복지회,카페,유성구,온천2동,대전광역시 유성구 대학로 211,127.3567492,36.36258464
MA0101202311A0051405,디에떼,카페,유성구,온천1동,대전광역시 유성구 온천로 26,127.3406719,36.35508873
MA0101202406A0049063,맑음,카페,유성구,관평동,대전광역시 유성구 배울2로 24,127.3861449,36.42175409
MA0101202406A0247924,프리앙,카페,유성구,온천2동,대전광역시 유성구 대학로 201-1,127.3555623,36.36130851
MA0101202406A0296692,가디너스카페,카페,유성구,온천1동,대전광역시 유성구 계룡로60번길 34,127.336519,36.35311791
MA010120220806975765,에브리선데이커피,카페,유성구,노은1동,대전광역시 유성구 은구비남로 13,127.317068,36.37253735
MA010120220806206767,소겸들,카페,유성구,온천2동,대전광역시 유성구 유성대로720번길 56,127.335077,36.35719527
MA010120220805126355,룩흐브로트,카페,유성구,노은2동,대전광역시 유성구 은구비로155번길 19,127.3251244,36.38048206
MA010120220813196217,올데이,카페,유성구,노은1동,대전광역시 유성구 은구비남로7번길 29,127.3163704,36.37364764
MA010120220806229240,카페달유,카페,유성구,신성동,대전광역시 유성구 신성로72번길 53,127.350199,36.38773771
MA010120220804686521,데일리,카페,유성구,신성동,대전광역시 유성구 신성남로 121-1,127.3514526,36.39139277
MA010120220802782435,빽다방대전유성,카페,유성구,온천2동,대전광역시 유성구 어은로58번길 2,127.3567525,36.36329655
MA0101202306A0008926,라움,카페,유성구,구즉동,대전광역시 유성구 금남구즉로 1433,127.3859322,36.44186873
MA0101202305A0070821,카페그랑떼침례신학대점,카페,유성구,노은2동,대전광역시 유성구 북유성대로 190,127.3231024,36.38470503
MA0101202306A0067985,텍스트가든,카페,유성구,신성동,대전광역시 유성구 문지로 6-1,127.3793258,36.38837871
MA0101202305A0027909,아닐부있을재,카페,유성구,온천1동,대전광역시 유성구 계룡로52번길 68,127.335412,36.35217478
MA0101202306A0105852,경주유통,카페,유성구,구즉동,대전광역시 유성구 와룡로 206,127.3820865,36.44230464
MA0101202306A0004471,아이엠,카페,유성구,상대동,대전광역시 유성구 월드컵대로316번길 1,127.3354168,36.34811047
MA0101202305A0132613,홀인원카페,카페,유성구,신성동,대전광역시 유성구 자운로245번길 52,127.3431094,36.41542415
MA0101202305A0148082,모어플리즈,카페,유성구,온천2동,대전광역시 유성구 죽동로279번길 10,127.3385236,36.37097352
MA0101202305A0196248,무인다방대전,카페,유성구,원신흥동,대전광역시 유성구 원신흥로100번길 37-13,127.3485606,36.33778141
MA0101202305A0009460,에이그레이트,카페,유성구,학하동,대전광역시 유성구 학하복용서로 47,127.3098787,36.34119529
MA0101202305A0066830,커피베이학하별밭점,카페,유성구,학하동,대전광역시 유성구 학산로 99-16,127.3007615,36.3368749
MA0101202305A0186525,아임일리터,카페,유성구,전민동,대전광역시 유성구 유성대로 1742,127.4027663,36.39937732
MA0101202305A0148866,이키커피웍스,카페,유성구,온천2동,대전광역시 유성구 온천서로 91,127.3401234,36.36217352
MA0101202305A0090295,어뉴커피,카페,유성구,온천1동,대전광역시 유성구 계룡로16번길 6,127.3324203,36.35601314
MA0101202303A0112259,뉴모어,카페,유성구,온천1동,대전광역시 유성구 계룡로88번길 59,127.3395082,36.35136117
MA0101202305A0053584,행복한정미소,카페,유성구,학하동,대전광역시 유성구 복용북로 57-12,127.3144661,36.34349032
MA0101202305A0192530,오드비,카페,유성구,원신흥동,대전광역시 유성구 원신흥남로42번길 19-12,127.3395446,36.33665386
MA0101202303A0103909,대전상사,카페,유성구,온천2동,대전광역시 유성구 문화원로10번길 38,127.3374169,36.35982913
MA0101202303A0048659,럽잇커피,카페,유성구,구즉동,대전광역시 유성구 과학누리3길 4,127.359419,36.45120642
MA0101202303A0086475,카페소떼,카페,유성구,온천2동,대전광역시 유성구 온천서로 55,127.3391852,36.35909417
MA0101202303A0069413,베어당,카페,유성구,온천2동,대전광역시 유성구 대학로141번길 17,127.3491469,36.36182307
MA0101202303A0048313,이브도어,카페,유성구,원신흥동,대전광역시 유성구 원신흥로 122-19,127.3505319,36.34021783
MA0101202303A0061547,업소명없음,카페,유성구,구즉동,대전광역시 유성구 금남구즉로 1392,127.3835706,36.44472401
MA0101202303A0047928,커피봇,카페,유성구,신성동,대전광역시 유성구 신성남로95번길 18,127.3518657,36.38908456
MA0101202303A0024898,언틸세븐,카페,유성구,온천1동,대전광역시 유성구 온천북로 41,127.3476653,36.35687093
MA0101202303A0091471,펠리쓰하기,카페,유성구,노은2동,대전광역시 유성구 송림로53번길 6-17,127.3249294,36.38719632
MA0101202303A0072193,아라비카,카페,유성구,진잠동,대전광역시 유성구 원내로 11,127.3170506,36.29953289
MA0101202305A0187523,서리,카페,유성구,신성동,대전광역시 유성구 유성대로1184번길 5-12,127.3522804,36.39453542
MA0101202305A0163320,리리커피,카페,유성구,관평동,대전광역시 유성구 관들5길 74,127.3941301,36.4220344
MA0101202305A0142348,코드283,카페,유성구,노은3동,대전광역시 유성구 지족로 92,127.3055329,36.37499156
MA0101202305A0000584,커피정원,카페,유성구,전민동,대전광역시 유성구 문지로315번길 16,127.4060993,36.39507648
MA0101202305A0004406,비를긋다,카페,유성구,노은1동,대전광역시 유성구 은구비서로23번길 8-17,127.3200981,36.37504354
MA0101202305A0014079,메가엠지씨커피대전,카페,유성구,신성동,대전광역시 유성구 엑스포로151번길 19,127.3953806,36.37615184
MA0101202303A0005703,공차대전,카페,유성구,온천1동,대전광역시 유성구 온천로 45,127.3433838,36.35613534
MA0101202303A0081226,아토커피,카페,유성구,전민동,대전광역시 유성구 유성대로1679번길 8-14,127.3966159,36.39995663
MA0101202303A0060806,바나프레소유성,카페,유성구,온천2동,대전광역시 유성구 어은로 56,127.35683,36.36319719
MA0101202302A0084999,스프링폴카페,카페,유성구,신성동,대전광역시 유성구 대덕대로556번길 95,127.3800915,36.38540241
MA0101202305A0119082,카페파스쿠찌반석역점,카페,유성구,노은3동,대전광역시 유성구 반석동로40번길 40,127.3142571,36.39125311
MA0101202302A0027945,에이치앤에이치,카페,유성구,온천2동,대전광역시 유성구 어은로48번길 9-9,127.3572307,36.36310588
MA0101202302A0009829,카페코지,카페,유성구,온천2동,대전광역시 유성구 대학로155번길 29,127.3504854,36.36214358
MA0101202302A0017148,탑립커피,카페,유성구,관평동,대전광역시 유성구 엑스포로 600,127.4027797,36.40844301
MA0101202302A0061759,엔자임카페,카페,유성구,노은1동,대전광역시 유성구 왕가봉로24번길 16,127.3163258,36.36536597
MA0101202302A0057435,뚜드림,카페,유성구,노은3동,대전광역시 유성구 지족동로142번길 11,127.3091343,36.38676062
MA0101202302A0039085,사회적협동조합가울,카페,유성구,노은3동,대전광역시 유성구 지족로148번길 5-25,127.3035518,36.37851119
MA0101202302A0042587,노아,카페,유성구,학하동,대전광역시 유성구 현충원로295번길 23,127.3033619,36.3611911
MA0101202310A0064692,올드팟,카페,유성구,노은3동,대전광역시 유성구 반석로11번길 86,127.3158991,36.38936533
MA0101202310A0098516,카페트웰브오,카페,유성구,온천2동,대전광역시 유성구 농대로8번길 1,127.3539701,36.36154754
MA0101202310A0076905,투썸플레이스도안수변공원점,카페,유성구,원신흥동,대전광역시 유성구 봉명로 27-27,127.3438721,36.34303083
MA0101202310A0025291,에스프레소바래,카페,유성구,노은3동,대전광역시 유성구 반석로 9,127.3135671,36.39151626
MA0101202310A0099429,파스쿠찌대전방동호수공원DI점,카페,유성구,진잠동,대전광역시 유성구 성북로 84,127.3046977,36.28935458
MA0101202310A0056553,카페셈프레,카페,유성구,온천2동,대전광역시 유성구 온천서로 57,127.3391301,36.35922049
MA0101202310A0016995,화이트카페,카페,유성구,온천1동,대전광역시 유성구 박산로 184,127.3291232,36.353517
MA0101202310A0063655,라쿠엔,카페,유성구,온천2동,대전광역시 유성구 죽동로279번길 71-13,127.3394312,36.37212445
MA0101202309A0004734,별빛은하수,카페,유성구,진잠동,대전광역시 유성구 도안북로 54-45,127.334811,36.32890806
MA0101202309A0086500,홍시에반하다,카페,유성구,학하동,대전광역시 유성구 수통골로55번길 26,127.2908849,36.34673121
MA0101202309A0066422,포트캔커피대전,카페,유성구,온천1동,대전광역시 유성구 문화원로 117,127.3488329,36.35887715
MA0101202309A0068210,투썸플레이스대전,카페,유성구,학하동,대전광역시 유성구 학하중앙로 135,127.3073609,36.34109365
MA0101202309A0051355,플레토로보틱스,카페,유성구,온천1동,대전광역시 유성구 문화원로 123,127.3496013,36.35878479
MA0101202308A0040908,디저트카페마음,카페,유성구,신성동,대전광역시 유성구 엑스포로151번길 19,127.3953806,36.37615184
MA0101202309A0047964,투썸플레이스대전,카페,유성구,노은2동,대전광역시 유성구 지족로364번길 15-30,127.3183364,36.38574516
MA0101202309A0045773,빽다방,카페,유성구,진잠동,대전광역시 유성구 진잠로149번길 31,127.3173401,36.30505638
MA0101202309A0010101,공차대전,카페,유성구,온천2동,대전광역시 유성구 궁동로18번길 8,127.3477914,36.36268314
MA0101202309A0088481,퍼피스그린,카페,유성구,진잠동,대전광역시 유성구 송정길84번길 66,127.2531935,36.28659092
MA0101202309A0082736,프레시디톡,카페,유성구,원신흥동,대전광역시 유성구 원신흥남로42번길 6-12,127.3383706,36.33562083
MA0101202309A0046690,오마르,카페,유성구,온천2동,대전광역시 유성구 죽동로297번길 32,127.3386139,36.36866626
MA0101202309A0056865,아이엠일리터,카페,유성구,노은2동,대전광역시 유성구 은구비서로23번길 17,127.3196833,36.37444087
MA0101202310A0071384,카페알로네,카페,유성구,구즉동,대전광역시 유성구 구즉로 16,127.3845171,36.43083406
MA010120220803557159,커피메종,카페,유성구,전민동,대전광역시 유성구 유성대로1689번길 69,127.3950868,36.4039809
MA010120220811984555,엔빈,카페,유성구,진잠동,대전광역시 유성구 대정로42번길 40-6,127.3220925,36.31543431
MA010120220807413755,베로에스프레소,카페,유성구,온천2동,대전광역시 유성구 궁동로 22,127.3476262,36.36311619
MA010120220803529490,하늘정원,카페,유성구,관평동,대전광역시 유성구 테크노중앙로 155,127.4008241,36.42274206
MA010120220808548968,프레베르,카페,유성구,온천2동,대전광역시 유성구 어은로48번길 29,127.3585027,36.36349859
MA010120220806238071,훈토커피로스터스,카페,유성구,관평동,대전광역시 유성구 테크노10로 41,127.4096117,36.41653926
MA010120220809950308,랑골로,카페,유성구,신성동,대전광역시 유성구 엑스포로151번길 19,127.3953806,36.37615184
MA010120220805083895,이브릭스,카페,유성구,신성동,대전광역시 유성구 신성로61번안길 9,127.3482703,36.39014046
MA010120220810374591,카페여백,카페,유성구,관평동,대전광역시 유성구 테크노4로 39,127.393158,36.43049051
MA010120220810303439,이케이지커피,카페,유성구,원신흥동,대전광역시 유성구 원신흥남로42번길 11-9,127.3388427,36.33661079
MA010120220806233218,까페누오보베니에,카페,유성구,온천2동,대전광역시 유성구 궁동로14번길 1,127.3475456,36.36252165
MA0101202306A0012448,메가엠지씨커피대전,카페,유성구,온천1동,대전광역시 유성구 온천북로13번길 21,127.3444061,36.3580519
MA0101202306A0027919,컴포즈커피대전,카페,유성구,진잠동,대전광역시 유성구 진잠로78번길 64,127.3195429,36.29915677
MA0101202306A0033286,어썸아일랜드,카페,유성구,전민동,대전광역시 유성구 문지로 272-16,127.4078824,36.39073579
MA0101202306A0076156,테라리움,카페,유성구,온천2동,대전광역시 유성구 유성대로 778,127.336588,36.36138149
MA0101202306A0034955,엑스트라커피,카페,유성구,온천2동,대전광역시 유성구 궁동로18번길 21,127.3487059,36.36287873
MA0101202306A0046187,서요일,카페,유성구,온천2동,대전광역시 유성구 대학로76번안길 17,127.3450103,36.36115921
MA0101202306A0067931,공감앤스페이스,카페,유성구,진잠동,대전광역시 유성구 교촌로10번길 19-6,127.3140496,36.30078444
MA0101202306A0097359,프랩온,카페,유성구,관평동,대전광역시 유성구 오룡1길 105,127.4016073,36.4145929
MA0101202306A0011195,카페꾸르비,카페,유성구,진잠동,대전광역시 유성구 진잠로42번길 30,127.3177764,36.29458346
MA0101202306A0006149,카페인24대전,카페,유성구,노은3동,대전광역시 유성구 반석서로 109,127.3109206,36.39589386
MA0101202306A0043411,레서,카페,유성구,온천2동,대전광역시 유성구 어은로51번길 10,127.356126,36.36274871
MA0101202306A0068385,메가엠지씨커피,카페,유성구,노은3동,대전광역시 유성구 반석로 10,127.3134692,36.3921203
MA0101202306A0087510,빽다방대전학하,카페,유성구,학하동,대전광역시 유성구 학하서로20번길 14,127.3036879,36.341833
